scenario,closure_id,source,category_norm,passability_norm,status_norm,reason_norm,title,road_name,locality,description,restrictions_text,source_event_id,raw_advice,raw_event_type,raw_event_subtype,raw_impact_type,raw_impact_subtype,raw_properties_json,geometry_type,matched_edges,nearest_edge_m,confidence,match_status,notes,url
impassable_only,qld.qldtraffic.6bb1331859308d56b7a5,qldtraffic,road_closed,impassable,active,unknown,,Duck Creek Road,Cainbable / Kerry,Vehicle access is closed to all vehicles and will remain closed until further notice | Road closed to all traffic,Use alternative route,248797,Use alternative route,Hazard,Road damage,Closures,Road closed to all traffic,"{""id"": 248797, ""area_alert"": false, ""status"": ""Published"", ""published"": null, ""source"": {""source_name"": ""EPS"", ""source_id"": null, ""account"": null, ""provided_by"": ""Department of Transport and Main Roads"", ""provided_by_url"": ""https://qldtraffic.qld.gov.au""}, ""url"": ""https://api.qldtraffic.qld.gov.au/v2/events/248797"", ""image"": null, ""event_type"": ""Hazard"", ""event_subtype"": ""Road damage"", ""event_due_to"": null, ""impact"": {""direction"": ""All directions"", ""towards"": null, ""impact_type"": ""Closures"", ""impact_subtype"": ""Road closed to all traffic"", ""delay"": null}, ""duration"": {""start"": ""2017-09-06T09:39:00+10:00"", ""end"": null, ""active_days"": null, ""recurrences"": null}, ""event_priority"": ""Low"", ""description"": ""Vehicle access is closed to all vehicles and will remain closed until further notice "", ""advice"": ""Use alternative route"", ""information"": null, ""road_summary"": {""road_name"": ""Duck Creek Road"", ""locality"": ""Cainbable / Kerry"", ""postcode"": ""4285"", ""local_government_area"": ""Scenic Rim Regional"", ""district"": ""South Coast""}, ""last_updated"": ""2026-09-19T07:45:56.129232+10:00"", ""next_inspection"": null, ""web_link"": null, ""alert_message"": null}",MultiLineString,0,17.3,unmatched,unmatched,line: blocked 0 of 0 candidate edge(s) within 10m; name-confirmed=0; distance-body=0,https://api.qldtraffic.qld.gov.au/v2/events/248797
impassable_only,qld.qldtraffic.3f3213b2ed91a43e332e,qldtraffic,road_closed,impassable,active,unknown,,Black Pinch Road,Cootharaba,"Black Pinch Road, Cootharaba closed to all traffic due to landslip | Road closed to all traffic",Reduced speed limit (80km/h),452887,Reduced speed limit (80km/h),Hazard,Bridge or culvert damaged,Closures,Road closed to all traffic,"{""id"": 452887, ""area_alert"": false, ""status"": ""Published"", ""published"": null, ""source"": {""source_name"": ""Guardian"", ""source_id"": ""6bc5c2d9-47a3-41d8-9aaa-a68759574dbc"", ""account"": ""35740"", ""provided_by"": ""Noosa Shire Council"", ""provided_by_url"": ""https://www.noosa.qld.gov.au/""}, ""url"": ""https://api.qldtraffic.qld.gov.au/v2/events/452887"", ""image"": null, ""event_type"": ""Hazard"", ""event_subtype"": ""Bridge or culvert damaged"", ""event_due_to"": null, ""impact"": {""direction"": ""Both directions"", ""towards"": null, ""impact_type"": ""Closures"", ""impact_subtype"": ""Road closed to all traffic"", ""delay"": ""Long delays expected""}, ""duration"": {""start"": ""2022-02-25T14:45:00+10:00"", ""end"": null, ""active_days"": null, ""recurrences"": null}, ""event_priority"": ""Medium"", ""description"": ""Black Pinch Road, Cootharaba closed to all traffic due to landslip"", ""advice"": ""Reduced speed limit (80km/h)"", ""information"": null, ""road_summary"": {""road_name"": ""Black Pinch Road"", ""locality"": ""Cootharaba"", ""postcode"": ""4565"", ""local_government_area"": ""Noosa Shire"", ""district"": ""North Coast""}, ""last_updated"": ""2026-07-10T15:36:04.972699+10:00"", ""next_inspection"": ""2027-09-07T15:34:00+10:00"", ""web_link"": null, ""alert_message"": null}",MultiLineString,2,0.0,high,matched,line: blocked 2 of 2 candidate edge(s) within 10m; name-confirmed=0; distance-body=2; no graph road-name match; used strict distance-only body matching; line: blocked 2 of 2 candidate edge(s) within 10m; name-confirmed=0; distance-body=2; no graph road-name match; used strict distance-only body matching,https://api.qldtraffic.qld.gov.au/v2/events/452887
impassable_only,qld.qldtraffic.787db763dde750187f63,qldtraffic,road_closed,impassable,active,flood,,Dugandan Road,Bunya,Flood Damage at Bunya Crossing Reserve car park | Road closed to all traffic,Do not drive in flood waters,717127,Do not drive in flood waters,Flooding,Flash flooding,Closures,Road closed to all traffic,"{""id"": 717127, ""area_alert"": false, ""status"": ""Published"", ""published"": null, ""source"": {""source_name"": ""MBRC"", ""source_id"": ""mbrc-2ab819d0-5fcd-44b9-b160-b5d10b847f25"", ""account"": ""MBRC"", ""provided_by"": ""City of Moreton Bay"", ""provided_by_url"": ""https://www.moretonbay.qld.gov.au""}, ""url"": ""https://api.qldtraffic.qld.gov.au/v2/events/717127"", ""image"": null, ""event_type"": ""Flooding"", ""event_subtype"": ""Flash flooding"", ""event_due_to"": ""Heavy rain"", ""impact"": {""direction"": ""Both directions"", ""towards"": null, ""impact_type"": ""Closures"", ""impact_subtype"": ""Road closed to all traffic"", ""delay"": ""Long delays expected""}, ""duration"": {""start"": ""2026-05-29T01:27:00+10:00"", ""end"": null, ""active_days"": null, ""recurrences"": null}, ""event_priority"": ""Medium"", ""description"": ""Flood Damage at Bunya Crossing Reserve car park"", ""advice"": ""Do not drive in flood waters"", ""information"": null, ""road_summary"": {""road_name"": ""Dugandan Road"", ""locality"": ""Bunya"", ""postcode"": ""4055"", ""local_government_area"": ""Moreton Bay Regional"", ""district"": ""North Coast""}, ""last_updated"": ""2026-05-29T11:40:01.352716+10:00"", ""next_inspection"": null, ""web_link"": null, ""alert_message"": null}",MultiPoint,2,6.2,high,matched,point: blocked 2 edge(s) within 75m,https://api.qldtraffic.qld.gov.au/v2/events/717127
impassable_only,qld.qldtraffic.e75e3c222a276c65a5c4,qldtraffic,road_closed,impassable,active,unknown,,Barney View Road,Barney View,Observe signage | Road closed to through traffic,Observe signage,719174,Observe signage,Hazard,Road damage,Closures,Road closed to through traffic,"{""id"": 719174, ""area_alert"": false, ""status"": ""Published"", ""published"": null, ""source"": {""source_name"": ""Guardian"", ""source_id"": ""01594e52-680b-425e-9978-6fcc012c0157"", ""account"": ""36510"", ""provided_by"": ""Scenic Rim Regional Council"", ""provided_by_url"": ""http://ldcc@scenicrim.qld.gov.au ""}, ""url"": ""https://api.qldtraffic.qld.gov.au/v2/events/719174"", ""image"": null, ""event_type"": ""Hazard"", ""event_subtype"": ""Road damage"", ""event_due_to"": ""Rough surface"", ""impact"": {""direction"": ""Both directions"", ""towards"": null, ""impact_type"": ""Closures"", ""impact_subtype"": ""Road closed to through traffic"", ""delay"": ""Delays expected""}, ""duration"": {""start"": ""2025-04-03T14:10:00+10:00"", ""end"": null, ""active_days"": null, ""recurrences"": null}, ""event_priority"": ""Medium"", ""description"": null, ""advice"": ""Observe signage"", ""information"": null, ""road_summary"": {""road_name"": ""Barney View Road"", ""locality"": ""Barney View"", ""postcode"": ""4287"", ""local_government_area"": ""Scenic Rim Regional"", ""district"": ""South Coast""}, ""last_updated"": ""2026-01-08T08:48:02.179324+10:00"", ""next_inspection"": ""2025-08-01T08:00:00+10:00"", ""web_link"": null, ""alert_message"": null}",MultiPoint,2,3.2,high,matched,point: blocked 2 edge(s) within 75m,https://api.qldtraffic.qld.gov.au/v2/events/719174
impassable_only,qld.qldtraffic.6fd6e6ca1d0d46c6374b,qldtraffic,road_closed,impassable,active,flood,,Laidley Creek West Road,Mulgowie,Road Closed - Seek Alternative Route | Road closed to all traffic,Diversions are in place,750590,Diversions are in place,Hazard,Road damage,Closures,Road closed to all traffic,"{""id"": 750590, ""area_alert"": false, ""status"": ""Published"", ""published"": null, ""source"": {""source_name"": ""Guardian"", ""source_id"": ""b510d53f-f2f8-485b-81dc-ba160bf56b8c"", ""account"": ""34580"", ""provided_by"": ""Lockyer Valley Regional Council"", ""provided_by_url"": ""https://www.lockyervalley.qld.gov.au/""}, ""url"": ""https://api.qldtraffic.qld.gov.au/v2/events/750590"", ""image"": null, ""event_type"": ""Hazard"", ""event_subtype"": ""Road damage"", ""event_due_to"": ""Earlier flooding"", ""impact"": {""direction"": ""Both directions"", ""towards"": null, ""impact_type"": ""Closures"", ""impact_subtype"": ""Road closed to all traffic"", ""delay"": """"}, ""duration"": {""start"": ""2026-06-30T14:26:00+10:00"", ""end"": ""2026-11-30T14:26:00+10:00"", ""active_days"": null, ""recurrences"": null}, ""event_priority"": ""Medium"", ""description"": ""Road Closed - Seek Alternative Route"", ""advice"": ""Diversions are in place"", ""information"": null, ""road_summary"": {""road_name"": ""Laidley Creek West Road"", ""locality"": ""Mulgowie"", ""postcode"": ""4341"", ""local_government_area"": ""Lockyer Valley Regional"", ""district"": ""Darling Downs""}, ""last_updated"": ""2026-08-31T06:52:02.486745+10:00"", ""next_inspection"": null, ""web_link"": null, ""alert_message"": null}",MultiLineString,2,0.0,high,matched,line: blocked 2 of 2 candidate edge(s) within 10m; name-confirmed=0; distance-body=2; no graph road-name match; used strict distance-only body matching,https://api.qldtraffic.qld.gov.au/v2/events/750590
impassable_only,qld.qldtraffic.92e816fe3b6cf5bd28bc,qldtraffic,road_closed,impassable,active,flood,,Dunbar Koolatah Road / Dunbar Kowanyama Road / Koolatah Access,Maramie / Yagoonya,Dunbar to Koolatah | Road closed to all traffic,Do not drive in flood waters,770764,Do not drive in flood waters,Flooding,Long-term flooding,Closures,Road closed to all traffic,"{""id"": 770764, ""area_alert"": false, ""status"": ""Published"", ""published"": null, ""source"": {""source_name"": ""EPS"", ""source_id"": null, ""account"": null, ""provided_by"": ""Department of Transport and Main Roads"", ""provided_by_url"": ""https://qldtraffic.qld.gov.au""}, ""url"": ""https://api.qldtraffic.qld.gov.au/v2/events/770764"", ""image"": null, ""event_type"": ""Flooding"", ""event_subtype"": ""Long-term flooding"", ""event_due_to"": ""Heavy rain"", ""impact"": {""direction"": ""All directions"", ""towards"": null, ""impact_type"": ""Closures"", ""impact_subtype"": ""Road closed to all traffic"", ""delay"": ""Long delays expected""}, ""duration"": {""start"": ""2025-12-27T09:16:00+10:00"", ""end"": null, ""active_days"": null, ""recurrences"": null}, ""event_priority"": ""Medium"", ""description"": ""Dunbar to Koolatah"", ""advice"": ""Do not drive in flood waters"", ""information"": null, ""road_summary"": {""road_name"": ""Dunbar Koolatah Road / Dunbar Kowanyama Road / Koolatah Access"", ""locality"": ""Maramie / Yagoonya"", ""postcode"": ""4892"", ""local_government_area"": ""Carpentaria Shire"", ""district"": ""North West""}, ""last_updated"": ""2026-09-19T07:45:06.246898+10:00"", ""next_inspection"": null, ""web_link"": null, ""alert_message"": null}",MultiLineString,16,0.0,high,matched,"line: blocked 10 of 12 candidate edge(s) within 10m; name-confirmed=0; distance-body=10; rejected cross/short-touch=2; no graph road-name match; used strict distance-only body matching; line: blocked 6 of 6 candidate edge(s) within 10m; name-confirmed=0; distance-body=6; no graph road-name match; used strict distance-only body matching; line: blocked 0 of 2 candidate edge(s) within 10m; name-confirmed=0; distance-body=0; rejected cross/short-touch=2; no graph road-name match; used strict distance-only body matching; line: blocked 2 of 6 candidate edge(s) within 10m; name-confirmed=0; distance-body=2; rejected cross/short-touch=4; no graph road-name match; used strict distance-only body matching; line: blocked 2 of 6 candidate edge(s) within 10m; name-confirmed=0; distance-body=2; rejected endpoint-no-bleed=2, cross/short-touch=2; no graph road-name match; used strict distance-only body matching",https://api.qldtraffic.qld.gov.au/v2/events/770764
impassable_only,qld.qldtraffic.0b3551e42a611966f64b,qldtraffic,road_closed,impassable,active,unknown,,Camerons Corner Road,Cameron Corner / Tibooburra,Avoid the area | Road closed to all traffic,Avoid the area,780316,Avoid the area,Hazard,Road damage,Closures,Road closed to all traffic,"{""id"": 780316, ""area_alert"": false, ""status"": ""Published"", ""published"": null, ""source"": {""source_name"": ""EPS"", ""source_id"": null, ""account"": null, ""provided_by"": ""Department of Transport and Main Roads"", ""provided_by_url"": ""https://qldtraffic.qld.gov.au""}, ""url"": ""https://api.qldtraffic.qld.gov.au/v2/events/780316"", ""image"": null, ""event_type"": ""Hazard"", ""event_subtype"": ""Road damage"", ""event_due_to"": ""Boggy conditions"", ""impact"": {""direction"": ""Both directions"", ""towards"": null, ""impact_type"": ""Closures"", ""impact_subtype"": ""Road closed to all traffic"", ""delay"": ""Delays expected""}, ""duration"": {""start"": ""2026-02-06T07:40:00+10:00"", ""end"": null, ""active_days"": null, ""recurrences"": null}, ""event_priority"": ""Medium"", ""description"": null, ""advice"": ""Avoid the area"", ""information"": null, ""road_summary"": {""road_name"": ""Camerons Corner Road"", ""locality"": ""Cameron Corner / Tibooburra"", ""postcode"": ""4492"", ""local_government_area"": ""Bulloo Shire"", ""district"": ""South West""}, ""last_updated"": ""2026-09-18T00:09:14.71502+10:00"", ""next_inspection"": null, ""web_link"": null, ""alert_message"": null}",MultiLineString,6,0.0,high,matched,"line: blocked 2 of 2 candidate edge(s) within 10m; name-confirmed=0; distance-body=2; no graph road-name match; used strict distance-only body matching; line: blocked 2 of 2 candidate edge(s) within 10m; name-confirmed=0; distance-body=2; no graph road-name match; used strict distance-only body matching; line: blocked 2 of 2 candidate edge(s) within 10m; name-confirmed=0; distance-body=2; no graph road-name match; used strict distance-only body matching; line: blocked 2 of 4 candidate edge(s) within 10m; name-confirmed=0; distance-body=2; rejected cross/short-touch=2; no graph road-name match; used strict distance-only body matching; line: blocked 2 of 2 candidate edge(s) within 10m; name-confirmed=0; distance-body=2; no graph road-name match; used strict distance-only body matching; line: blocked 2 of 2 candidate edge(s) within 10m; name-confirmed=0; distance-body=2; no graph road-name match; used strict distance-only body matching; line: blocked 2 of 2 candidate edge(s) within 10m; name-confirmed=0; distance-body=2; no graph road-name match; used strict distance-only body matching; line: blocked 2 of 2 candidate edge(s) within 10m; name-confirmed=0; distance-body=2; no graph road-name match; used strict distance-only body matching; line: blocked 2 of 2 candidate edge(s) within 10m; name-confirmed=0; distance-body=2; no graph road-name match; used strict distance-only body matching; line: blocked 2 of 2 candidate edge(s) within 10m; name-confirmed=0; distance-body=2; no graph road-name match; used strict distance-only body matching; line: blocked 2 of 2 candidate edge(s) within 10m; name-confirmed=0; distance-body=2; no graph road-name match; used strict distance-only body matching; line: blocked 2 of 2 candidate edge(s) within 10m; name-confirmed=0; distance-body=2; no graph road-name match; used strict distance-only body matching; line: blocked 2 of 2 candidate edge(s) within 10m; name-confirmed=0; distance-body=2; no graph road-name match; used strict distance-only body matching; line: blocked 2 of 2 candidate edge(s) within 10m; name-confirmed=0; distance-body=2; no graph road-name match; used strict distance-only body matching; line: blocked 2 of 2 candidate edge(s) within 10m; name-confirmed=0; distance-body=2; no graph road-name match; used strict distance-only body matching; line: blocked 2 of 2 candidate edge(s) within 10m; name-confirmed=0; distance-body=2; no graph road-name match; used strict distance-only body matching; line: blocked 2 of 2 candidate edge(s) within 10m; name-confirmed=0; distance-body=2; no graph road-name match; used strict distance-only body matching; line: blocked 2 of 2 candidate edge(s) within 10m; name-confirmed=0; distance-body=2; no graph road-name match; used strict distance-only body matching; line: blocked 2 of 2 candidate edge(s) within 10m; name-confirmed=0; distance-body=2; no graph road-name match; used strict distance-only body matching; line: blocked 2 of 2 candidate edge(s) within 10m; name-confirmed=0; distance-body=2; no graph road-name match; used strict distance-only body matching; line: blocked 2 of 2 candidate edge(s) within 10m; name-confirmed=0; distance-body=2; no graph road-name match; used strict distance-only body matching; line: blocked 2 of 2 candidate edge(s) within 10m; name-confirmed=0; distance-body=2; no graph road-name match; used strict distance-only body matching; line: blocked 2 of 2 candidate edge(s) within 10m; name-confirmed=0; distance-body=2; no graph road-name match; used strict distance-only body matching; line: blocked 2 of 2 candidate edge(s) within 10m; name-confirmed=0; distance-body=2; no graph road-name match; used strict distance-only body matching; line: blocked 2 of 2 candidate edge(s) within 10m; name-confirmed=0; distance-body=2; no graph road-name match; used strict distance-only body matching; line: blocked 2 of 2 candidate edge(s) within 10m; name-confirmed=0; distance-body=2; no graph road-name match; used strict distance-only body matching; line: blocked 2 of 2 candidate edge(s) within 10m; name-confirmed=0; distance-body=2; no graph road-name match; used strict distance-only body matching; line: blocked 2 of 2 candidate edge(s) within 10m; name-confirmed=0; distance-body=2; no graph road-name match; used strict distance-only body matching; line: blocked 2 of 2 candidate edge(s) within 10m; name-confirmed=0; distance-body=2; no graph road-name match; used strict distance-only body matching; line: blocked 2 of 2 candidate edge(s) within 10m; name-confirmed=0; distance-body=2; no graph road-name match; used strict distance-only body matching; line: blocked 2 of 2 candidate edge(s) within 10m; name-confirmed=0; distance-body=2; no graph road-name match; used strict distance-only body matching; line: blocked 2 of 2 candidate edge(s) within 10m; name-confirmed=0; distance-body=2; no graph road-name match; used strict distance-only body matching; line: blocked 2 of 2 candidate edge(s) within 10m; name-confirmed=0; distance-body=2; no graph road-name match; used strict distance-only body matching; line: blocked 2 of 2 candidate edge(s) within 10m; name-confirmed=0; distance-body=2; no graph road-name match; used strict distance-only body matching; line: blocked 2 of 2 candidate edge(s) within 10m; name-confirmed=0; distance-body=2; no graph road-name match; used strict distance-only body matching; line: blocked 2 of 2 candidate edge(s) within 10m; name-confirmed=0; distance-body=2; no graph road-name match; used strict distance-only body matching; line: blocked 4 of 10 candidate edge(s) within 10m; name-confirmed=0; distance-body=4; rejected endpoint-no-bleed=2, cross/short-touch=4; no graph road-name match; used strict distance-only body matching; line: blocked 2 of 2 candidate edge(s) within 10m; name-confirmed=0; distance-body=2; no graph road-name match; used strict distance-only body matching; line: blocked 2 of 2 candidate edge(s) within 10m; name-confirmed=0; distance-body=2; no graph road-name match; used strict distance-only body matching; line: blocked 2 of 2 candidate edge(s) within 10m; name-confirmed=0; distance-body=2; no graph road-name match; used strict distance-only body matching; line: blocked 2 of 2 candidate edge(s) within 10m; name-confirmed=0; distance-body=2; no graph road-name match; used strict distance-only body matching; line: blocked 2 of 2 candidate edge(s) within 10m; name-confirmed=0; distance-body=2; no graph road-name match; used strict distance-only body matching; line: blocked 2 of 2 candidate edge(s) within 10m; name-confirmed=0; distance-body=2; no graph road-name match; used strict distance-only body matching; line: blocked 2 of 2 candidate edge(s) within 10m; name-confirmed=0; distance-body=2; no graph road-name match; used strict distance-only body matching; line: blocked 2 of 2 candidate edge(s) within 10m; name-confirmed=0; distance-body=2; no graph road-name match; used strict distance-only body matching; line: blocked 2 of 2 candidate edge(s) within 10m; name-confirmed=0; distance-body=2; no graph road-name match; used strict distance-only body matching; line: blocked 2 of 2 candidate edge(s) within 10m; name-confirmed=0; distance-body=2; no graph road-name match; used strict distance-only body matching; line: blocked 2 of 2 candidate edge(s) within 10m; name-confirmed=0; distance-body=2; no graph road-name match; used strict distance-only body matching; line: blocked 2 of 2 candidate edge(s) within 10m; name-confirmed=0; distance-body=2; no graph road-name match; used strict distance-only body matching",https://api.qldtraffic.qld.gov.au/v2/events/780316
impassable_only,qld.qldtraffic.78122eb3ca8e33ecc8f2,qldtraffic,road_closed,impassable,active,flood,,Riversleigh Road,Lawn Hill,Gregory Downs - Camooweal Road to Old Herbert Vale Road (Mount Isa LGA Only) | Road closed to all traffic,Do not drive in flood waters,783356,Do not drive in flood waters,Flooding,Long-term flooding,Closures,Road closed to all traffic,"{""id"": 783356, ""area_alert"": false, ""status"": ""Published"", ""published"": null, ""source"": {""source_name"": ""EPS"", ""source_id"": null, ""account"": null, ""provided_by"": ""Department of Transport and Main Roads"", ""provided_by_url"": ""https://qldtraffic.qld.gov.au""}, ""url"": ""https://api.qldtraffic.qld.gov.au/v2/events/783356"", ""image"": null, ""event_type"": ""Flooding"", ""event_subtype"": ""Long-term flooding"", ""event_due_to"": null, ""impact"": {""direction"": ""All directions"", ""towards"": null, ""impact_type"": ""Closures"", ""impact_subtype"": ""Road closed to all traffic"", ""delay"": ""Long delays expected""}, ""duration"": {""start"": ""2026-02-25T09:20:00+10:00"", ""end"": null, ""active_days"": null, ""recurrences"": null}, ""event_priority"": ""Low"", ""description"": ""Gregory Downs - Camooweal Road to Old Herbert Vale Road (Mount Isa LGA Only)"", ""advice"": ""Do not drive in flood waters"", ""information"": null, ""road_summary"": {""road_name"": ""Riversleigh Road"", ""locality"": ""Lawn Hill"", ""postcode"": ""4825"", ""local_government_area"": ""Mount Isa City"", ""district"": ""North West""}, ""last_updated"": ""2026-09-19T07:45:05.620877+10:00"", ""next_inspection"": null, ""web_link"": null, ""alert_message"": null}",MultiLineString,14,0.0,high,matched,"line: blocked 14 of 18 candidate edge(s) within 10m; name-confirmed=0; distance-body=14; rejected cross/short-touch=2, angle-mismatch=2; no graph road-name match; used strict distance-only body matching",https://api.qldtraffic.qld.gov.au/v2/events/783356
impassable_only,qld.qldtraffic.bd1ec70da52f242c7f82,qldtraffic,road_closed,impassable,active,unknown,,Wetheron Road,Bon Accord,Bon Accord Bridge | Road closed to all traffic,Use alternative route,787168,Use alternative route,Hazard,Bridge or culvert damaged,Closures,Road closed to all traffic,"{""id"": 787168, ""area_alert"": false, ""status"": ""Published"", ""published"": null, ""source"": {""source_name"": ""Guardian"", ""source_id"": ""504a93d0-2cd7-4cb3-976c-5f3e6a726c40"", ""account"": ""35760"", ""provided_by"": ""North Burnett Regional Council "", ""provided_by_url"": ""https://www.northburnett.qld.gov.au/""}, ""url"": ""https://api.qldtraffic.qld.gov.au/v2/events/787168"", ""image"": null, ""event_type"": ""Hazard"", ""event_subtype"": ""Bridge or culvert damaged"", ""event_due_to"": null, ""impact"": {""direction"": ""Both directions"", ""towards"": null, ""impact_type"": ""Closures"", ""impact_subtype"": ""Road closed to all traffic"", ""delay"": ""Long delays expected""}, ""duration"": {""start"": ""2026-03-09T07:00:00+10:00"", ""end"": null, ""active_days"": null, ""recurrences"": null}, ""event_priority"": ""Medium"", ""description"": ""Bon Accord Bridge "", ""advice"": ""Use alternative route"", ""information"": null, ""road_summary"": {""road_name"": ""Wetheron Road"", ""locality"": ""Bon Accord"", ""postcode"": ""4625"", ""local_government_area"": ""North Burnett Regional"", ""district"": ""Wide Bay/Burnett""}, ""last_updated"": ""2026-06-22T09:54:01.675811+10:00"", ""next_inspection"": ""2027-09-03T09:51:00+10:00"", ""web_link"": null, ""alert_message"": null}",MultiPoint,2,2.2,high,matched,point: blocked 2 edge(s) within 75m,https://api.qldtraffic.qld.gov.au/v2/events/787168
impassable_only,qld.qldtraffic.f86be34ccf786f961abb,qldtraffic,road_closed,impassable,active,flood,,Banana Mungi Road,Banana,Avoid the area | Road closed to all traffic,Avoid the area,787707,Avoid the area,Hazard,Road damage,Closures,Road closed to all traffic,"{""id"": 787707, ""area_alert"": false, ""status"": ""Published"", ""published"": null, ""source"": {""source_name"": ""Guardian"", ""source_id"": ""731961dc-93cc-4764-b5bc-e2b889524945"", ""account"": ""30370"", ""provided_by"": ""Banana Shire Council"", ""provided_by_url"": ""https://emd.banana.qld.gov.au/""}, ""url"": ""https://api.qldtraffic.qld.gov.au/v2/events/787707"", ""image"": null, ""event_type"": ""Hazard"", ""event_subtype"": ""Road damage"", ""event_due_to"": ""Earlier flooding"", ""impact"": {""direction"": ""All directions"", ""towards"": null, ""impact_type"": ""Closures"", ""impact_subtype"": ""Road closed to all traffic"", ""delay"": """"}, ""duration"": {""start"": ""2026-03-12T10:30:00+10:00"", ""end"": null, ""active_days"": null, ""recurrences"": null}, ""event_priority"": ""Medium"", ""description"": null, ""advice"": ""Avoid the area"", ""information"": null, ""road_summary"": {""road_name"": ""Banana Mungi Road"", ""locality"": ""Banana"", ""postcode"": ""4702"", ""local_government_area"": ""Banana Shire"", ""district"": ""Fitzroy""}, ""last_updated"": ""2026-06-18T09:44:02.036084+10:00"", ""next_inspection"": ""2026-09-07T08:55:00+10:00"", ""web_link"": null, ""alert_message"": null}",MultiLineString,2,2.3,high,matched,line: blocked 2 of 2 candidate edge(s) within 10m; name-confirmed=0; distance-body=2; no graph road-name match; used strict distance-only body matching,https://api.qldtraffic.qld.gov.au/v2/events/787707
impassable_only,qld.qldtraffic.0cc5d251bf8a8cfb5d25,qldtraffic,road_closed,impassable,active,flood,,Mount Sunlight Road,Humboldt,Mount Sunlight Road is closed to through traffic due to road damage | Road closed to through traffic,Changed traffic conditions,788811,Changed traffic conditions,Hazard,Road damage,Closures,Road closed to through traffic,"{""id"": 788811, ""area_alert"": false, ""status"": ""Published"", ""published"": null, ""source"": {""source_name"": ""Guardian"", ""source_id"": ""8c0ec22c-f5b6-4a84-a054-a10b4e1ce675"", ""account"": ""32270"", ""provided_by"": ""Central Highlands Regional Council"", ""provided_by_url"": ""https://beprepared.chrc.qld.gov.au/""}, ""url"": ""https://api.qldtraffic.qld.gov.au/v2/events/788811"", ""image"": null, ""event_type"": ""Hazard"", ""event_subtype"": ""Road damage"", ""event_due_to"": ""Earlier flooding"", ""impact"": {""direction"": ""All directions"", ""towards"": null, ""impact_type"": ""Closures"", ""impact_subtype"": ""Road closed to through traffic"", ""delay"": """"}, ""duration"": {""start"": ""2026-03-16T16:15:00+10:00"", ""end"": null, ""active_days"": null, ""recurrences"": null}, ""event_priority"": ""Medium"", ""description"": ""Mount Sunlight Road is closed to through traffic due to road damage"", ""advice"": ""Changed traffic conditions"", ""information"": null, ""road_summary"": {""road_name"": ""Mount Sunlight Road"", ""locality"": ""Humboldt"", ""postcode"": ""4702"", ""local_government_area"": ""Central Highlands Regional"", ""district"": ""Fitzroy""}, ""last_updated"": ""2026-03-23T14:18:02.243594+10:00"", ""next_inspection"": ""2026-03-24T16:15:00+10:00"", ""web_link"": null, ""alert_message"": null}",MultiPoint,2,3.1,high,matched,point: blocked 2 edge(s) within 75m,https://api.qldtraffic.qld.gov.au/v2/events/788811
impassable_only,qld.qldtraffic.b3f20e2a92abdce89c2f,qldtraffic,road_closed,impassable,active,unknown,,Fishermans Pocket Road,Chatsworth / Fishermans Pocket,Fishermans Pocket Road closed between Dobbos Road and Fishermans Pocket Road No 1 due to culvert damage. | Road closed to all traffic,Use alternative route,788898,Use alternative route,Hazard,Bridge or culvert damaged,Closures,Road closed to all traffic,"{""id"": 788898, ""area_alert"": false, ""status"": ""Published"", ""published"": null, ""source"": {""source_name"": ""Guardian"", ""source_id"": ""959e6100-2635-4d04-92b9-e8f4e9415cb1"", ""account"": ""33620"", ""provided_by"": ""Gympie Regional Council"", ""provided_by_url"": ""http://www.gympie.qld.gov.au""}, ""url"": ""https://api.qldtraffic.qld.gov.au/v2/events/788898"", ""image"": null, ""event_type"": ""Hazard"", ""event_subtype"": ""Bridge or culvert damaged"", ""event_due_to"": null, ""impact"": {""direction"": ""All directions"", ""towards"": null, ""impact_type"": ""Closures"", ""impact_subtype"": ""Road closed to all traffic"", ""delay"": """"}, ""duration"": {""start"": ""2026-03-17T06:45:00+10:00"", ""end"": null, ""active_days"": null, ""recurrences"": null}, ""event_priority"": ""Medium"", ""description"": ""Fishermans Pocket Road closed between Dobbos Road and Fishermans Pocket Road No 1 due to culvert damage. "", ""advice"": ""Use alternative route"", ""information"": null, ""road_summary"": {""road_name"": ""Fishermans Pocket Road"", ""locality"": ""Chatsworth / Fishermans Pocket"", ""postcode"": ""4570"", ""local_government_area"": ""Gympie Regional"", ""district"": ""Wide Bay/Burnett""}, ""last_updated"": ""2026-09-10T14:36:07.987463+10:00"", ""next_inspection"": ""2026-10-12T14:35:00+10:00"", ""web_link"": null, ""alert_message"": null}",MultiLineString,2,0.0,high,matched,"line: blocked 2 of 8 candidate edge(s) within 10m; name-confirmed=0; distance-body=2; rejected endpoint-no-bleed=2, cross/short-touch=4; no graph road-name match; used strict distance-only body matching",https://api.qldtraffic.qld.gov.au/v2/events/788898
impassable_only,qld.qldtraffic.c5b15c1c02cdffc8ff20,qldtraffic,road_closed,impassable,active,unknown,,Mountain View Drive,Plainland,Part Shoulder Closed - Road Damage - Observe Signage | Lane or lanes reduced,Observe signage,797741,Observe signage,Hazard,Road damage,Lanes affected,Lane or lanes reduced,"{""id"": 797741, ""area_alert"": false, ""status"": ""Published"", ""published"": null, ""source"": {""source_name"": ""Guardian"", ""source_id"": ""97125c09-c560-491f-a048-4c4c2ad169a8"", ""account"": ""34580"", ""provided_by"": ""Lockyer Valley Regional Council"", ""provided_by_url"": ""https://www.lockyervalley.qld.gov.au/""}, ""url"": ""https://api.qldtraffic.qld.gov.au/v2/events/797741"", ""image"": null, ""event_type"": ""Hazard"", ""event_subtype"": ""Road damage"", ""event_due_to"": ""Rough surface"", ""impact"": {""direction"": ""Both directions"", ""towards"": null, ""impact_type"": ""Lanes affected"", ""impact_subtype"": ""Lane or lanes reduced"", ""delay"": ""No delays expected""}, ""duration"": {""start"": ""2026-04-28T08:30:00+10:00"", ""end"": null, ""active_days"": null, ""recurrences"": null}, ""event_priority"": ""Medium"", ""description"": ""Part Shoulder Closed - Road Damage - Observe Signage"", ""advice"": ""Observe signage"", ""information"": null, ""road_summary"": {""road_name"": ""Mountain View Drive"", ""locality"": ""Plainland"", ""postcode"": ""4341"", ""local_government_area"": ""Lockyer Valley Regional"", ""district"": ""Darling Downs""}, ""last_updated"": ""2026-09-07T06:12:03.097939+10:00"", ""next_inspection"": null, ""web_link"": null, ""alert_message"": null}",MultiLineString,2,0.8,high,matched,line: blocked 2 of 2 candidate edge(s) within 10m; name-confirmed=0; distance-body=2; no graph road-name match; used strict distance-only body matching,https://api.qldtraffic.qld.gov.au/v2/events/797741
impassable_only,qld.qldtraffic.93b8161eff698c56206e,qldtraffic,road_closed,impassable,active,unknown,,Tickalara Road / Wompah Gate Road,Cameron Corner,Avoid the area | Road closed to all traffic,Avoid the area,822851,Avoid the area,Hazard,Road damage,Closures,Road closed to all traffic,"{""id"": 822851, ""area_alert"": false, ""status"": ""Published"", ""published"": null, ""source"": {""source_name"": ""Guardian"", ""source_id"": ""963824f1-71d7-4266-92d6-5497dfe118b6"", ""account"": ""31750"", ""provided_by"": ""Bulloo Shire Council"", ""provided_by_url"": ""https://www.bulloo.qld.gov.au/""}, ""url"": ""https://api.qldtraffic.qld.gov.au/v2/events/822851"", ""image"": null, ""event_type"": ""Hazard"", ""event_subtype"": ""Road damage"", ""event_due_to"": ""Boggy conditions"", ""impact"": {""direction"": ""Both directions"", ""towards"": null, ""impact_type"": ""Closures"", ""impact_subtype"": ""Road closed to all traffic"", ""delay"": ""Delays expected""}, ""duration"": {""start"": ""2026-05-18T08:22:00+10:00"", ""end"": null, ""active_days"": null, ""recurrences"": null}, ""event_priority"": ""Medium"", ""description"": null, ""advice"": ""Avoid the area"", ""information"": null, ""road_summary"": {""road_name"": ""Tickalara Road / Wompah Gate Road"", ""locality"": ""Cameron Corner"", ""postcode"": ""4492"", ""local_government_area"": ""Bulloo Shire"", ""district"": ""South West""}, ""last_updated"": ""2026-09-18T08:52:14.853218+10:00"", ""next_inspection"": null, ""web_link"": null, ""alert_message"": null}",MultiLineString,2,0.0,high,matched,line: blocked 2 of 4 candidate edge(s) within 10m; name-confirmed=0; distance-body=2; rejected cross/short-touch=2; no graph road-name match; used strict distance-only body matching,https://api.qldtraffic.qld.gov.au/v2/events/822851
impassable_only,qld.qldtraffic.3a44e589be643db3d566,qldtraffic,road_closed,impassable,active,unknown,,Bulloo Downs Road / Bulloo Developmental Road / Tickalara Road,Bulloo Downs / Cameron Corner / Thargomindah,Avoid the area | Road closed to all traffic,Avoid the area,823606,Avoid the area,Hazard,Road damage,Closures,Road closed to all traffic,"{""id"": 823606, ""area_alert"": false, ""status"": ""Published"", ""published"": null, ""source"": {""source_name"": ""Guardian"", ""source_id"": ""339a81a2-ef90-4ea4-814c-b28feaff09b9"", ""account"": ""31750"", ""provided_by"": ""Bulloo Shire Council"", ""provided_by_url"": ""https://www.bulloo.qld.gov.au/""}, ""url"": ""https://api.qldtraffic.qld.gov.au/v2/events/823606"", ""image"": null, ""event_type"": ""Hazard"", ""event_subtype"": ""Road damage"", ""event_due_to"": ""Deep wheel tracks"", ""impact"": {""direction"": ""All directions"", ""towards"": null, ""impact_type"": ""Closures"", ""impact_subtype"": ""Road closed to all traffic"", ""delay"": ""Delays expected""}, ""duration"": {""start"": ""2026-08-25T11:49:00+10:00"", ""end"": null, ""active_days"": null, ""recurrences"": null}, ""event_priority"": ""Medium"", ""description"": null, ""advice"": ""Avoid the area"", ""information"": null, ""road_summary"": {""road_name"": ""Bulloo Downs Road / Bulloo Developmental Road / Tickalara Road"", ""locality"": ""Bulloo Downs / Cameron Corner / Thargomindah"", ""postcode"": ""4492"", ""local_government_area"": ""Bulloo Shire"", ""district"": ""South West""}, ""last_updated"": ""2026-09-18T08:52:57.507282+10:00"", ""next_inspection"": null, ""web_link"": null, ""alert_message"": null}",MultiLineString,18,0.0,high,matched,"line: blocked 18 of 28 candidate edge(s) within 10m; name-confirmed=0; distance-body=18; rejected cross/short-touch=6, angle-mismatch=4; no graph road-name match; used strict distance-only body matching",https://api.qldtraffic.qld.gov.au/v2/events/823606
impassable_only,qld.qldtraffic.6896a04291d9846653b6,qldtraffic,road_closed,impassable,active,unknown,,Downey Street / Green Terrace,Windsor,Road closures for the Primary Schools Netball Cup Comp between Northey Street and Downey Street | Road closed to through traffic,Avoid the area,826659,Avoid the area,Special event,N/A,Closures,Road closed to through traffic,"{""id"": 826659, ""area_alert"": false, ""status"": ""Published"", ""published"": ""2026-09-08T10:00:00+10:00"", ""source"": {""source_name"": ""EPS"", ""source_id"": null, ""account"": null, ""provided_by"": ""Brisbane City Council"", ""provided_by_url"": ""https://www.brisbane.qld.gov.au""}, ""url"": ""https://api.qldtraffic.qld.gov.au/v2/events/826659"", ""image"": null, ""event_type"": ""Special event"", ""event_subtype"": ""N/A"", ""event_due_to"": null, ""impact"": {""direction"": ""All directions"", ""towards"": null, ""impact_type"": ""Closures"", ""impact_subtype"": ""Road closed to through traffic"", ""delay"": ""Delays expected (during active hours)""}, ""duration"": {""start"": ""2026-09-19T06:00:00+10:00"", ""end"": ""2026-09-20T00:00:00+10:00"", ""active_days"": null, ""recurrences"": null}, ""event_priority"": ""Medium"", ""description"": ""Road closures for the Primary Schools Netball Cup Comp between Northey Street and Downey Street"", ""advice"": ""Avoid the area"", ""information"": ""Full closure of Green Terrace between Northey Street and Downey Street, Windsor, Downey Street, between Green Terrace and Allom Street Windsor and Allom Street between Edgar Street and Downey Street, Windsor for the staging of an event for Netball Queensland's Primary Schools Cup Competition. Roads will be closed on Saturday 19 September and Sunday 20 September from 6am to 12pm. Traffic Controllers will be on site to direct motorist and pedestrians."", ""road_summary"": {""road_name"": ""Downey Street / Green Terrace"", ""locality"": ""Windsor"", ""postcode"": ""4030"", ""local_government_area"": ""Brisbane City"", ""district"": ""Metropolitan""}, ""last_updated"": ""2026-09-09T11:49:55.561999+10:00"", ""next_inspection"": null, ""web_link"": null, ""alert_message"": null}",MultiLineString,4,0.0,high,matched,line: blocked 2 of 2 candidate edge(s) within 10m; name-confirmed=0; distance-body=2; no graph road-name match; used strict distance-only body matching; line: blocked 2 of 8 candidate edge(s) within 10m; name-confirmed=0; distance-body=2; rejected cross/short-touch=6; no graph road-name match; used strict distance-only body matching; line: blocked 2 of 6 candidate edge(s) within 10m; name-confirmed=0; distance-body=2; rejected cross/short-touch=4; no graph road-name match; used strict distance-only body matching,https://api.qldtraffic.qld.gov.au/v2/events/826659
impassable_only,qld.qldtraffic.79029e4b44e338f5927d,qldtraffic,road_closed,impassable,active,unknown,,King Arthur Terrace,Tennyson,Full closure from Godiva Avenue to Softstone Street | Road closed to through traffic,Avoid the area,828171,Avoid the area,Special event,N/A,Closures,Road closed to through traffic,"{""id"": 828171, ""area_alert"": false, ""status"": ""Published"", ""published"": ""2026-09-15T14:27:00+10:00"", ""source"": {""source_name"": ""EPS"", ""source_id"": null, ""account"": null, ""provided_by"": ""Brisbane City Council"", ""provided_by_url"": ""https://www.brisbane.qld.gov.au""}, ""url"": ""https://api.qldtraffic.qld.gov.au/v2/events/828171"", ""image"": null, ""event_type"": ""Special event"", ""event_subtype"": ""N/A"", ""event_due_to"": null, ""impact"": {""direction"": ""Both directions"", ""towards"": null, ""impact_type"": ""Closures"", ""impact_subtype"": ""Road closed to through traffic"", ""delay"": ""Delays expected (during active hours)""}, ""duration"": {""start"": ""2026-09-19T06:00:00+10:00"", ""end"": ""2026-09-20T18:00:00+10:00"", ""active_days"": null, ""recurrences"": null}, ""event_priority"": ""Medium"", ""description"": ""Full closure from Godiva Avenue to Softstone Street"", ""advice"": ""Avoid the area"", ""information"": ""There will be a full road closure of King Arthur Terrace, Yeerongpilly, continuously from 6am on Saturday 19 to 6pm on Sunday 20 September 2026 for the Davis Cup Tennis Tournament. This closure is between Godiva Avenue and Softstone Street. In addition, the intersection of Godiva Avenue and Queens Way, will also be fully closed. Diversions will be in place and assistance will be provided by accredited traffic controllers. Motorists are advised to expect delays and should use alternate routes where possible."", ""road_summary"": {""road_name"": ""King Arthur Terrace"", ""locality"": ""Tennyson"", ""postcode"": ""4105"", ""local_government_area"": ""Brisbane City"", ""district"": ""Metropolitan""}, ""last_updated"": ""2026-09-15T14:40:40.277384+10:00"", ""next_inspection"": null, ""web_link"": null, ""alert_message"": null}",MultiLineString,12,0.0,high,matched,line: blocked 12 of 16 candidate edge(s) within 10m; name-confirmed=0; distance-body=12; rejected cross/short-touch=4; no graph road-name match; used strict distance-only body matching,https://api.qldtraffic.qld.gov.au/v2/events/828171
impassable_only,qld.qldtraffic.7e793e7b36698c71cdb4,qldtraffic,road_closed,impassable,active,unknown,,Herries Street / A3,East Toowoomba / Toowoomba City,Grand Central Floral Parade | Road closed to all traffic,Changed traffic conditions,828559,Changed traffic conditions,Special event,N/A,Closures,Road closed to all traffic,"{""id"": 828559, ""area_alert"": false, ""status"": ""Published"", ""published"": ""2026-09-19T05:00:00+10:00"", ""source"": {""source_name"": ""Guardian"", ""source_id"": ""82537b9c-dfd8-4dc4-8420-bd2663e4d327"", ""account"": ""36910"", ""provided_by"": ""Toowoomba Regional"", ""provided_by_url"": ""http://www.tr.qld.gov.au/community-business/community-safety""}, ""url"": ""https://api.qldtraffic.qld.gov.au/v2/events/828559"", ""image"": null, ""event_type"": ""Special event"", ""event_subtype"": ""N/A"", ""event_due_to"": null, ""impact"": {""direction"": ""All directions"", ""towards"": null, ""impact_type"": ""Closures"", ""impact_subtype"": ""Road closed to all traffic"", ""delay"": """"}, ""duration"": {""start"": ""2026-09-19T05:00:00+10:00"", ""end"": ""2026-09-19T14:00:00+10:00"", ""active_days"": null, ""recurrences"": null}, ""event_priority"": ""Medium"", ""description"": ""Grand Central Floral Parade"", ""advice"": ""Changed traffic conditions"", ""information"": null, ""road_summary"": {""road_name"": ""Herries Street / A3"", ""locality"": ""East Toowoomba / Toowoomba City"", ""postcode"": ""4350"", ""local_government_area"": ""Toowoomba Regional"", ""district"": ""Darling Downs""}, ""last_updated"": ""2026-09-19T07:12:02.258676+10:00"", ""next_inspection"": null, ""web_link"": ""https://tcof.com.au/wp-content/uploads/2026/08/Parade-Road-Closure-Map-2026.pdf"", ""alert_message"": null}",MultiLineString,66,0.0,high,matched,"line: blocked 66 of 148 candidate edge(s) within 10m; name-confirmed=0; distance-body=66; rejected endpoint-no-bleed=4, cross/short-touch=78; no graph road-name match; used strict distance-only body matching",https://api.qldtraffic.qld.gov.au/v2/events/828559
impassable_only,qld.qldtraffic.ae9f619544d8480bc519,qldtraffic,road_closed,impassable,active,unknown,,Little Street / Herries Street / Duggan Street,Toowoomba City,Grand Central Floral Parade | Road closed to all traffic,Changed traffic conditions,828574,Changed traffic conditions,Special event,N/A,Closures,Road closed to all traffic,"{""id"": 828574, ""area_alert"": false, ""status"": ""Published"", ""published"": ""2026-09-19T05:00:00+10:00"", ""source"": {""source_name"": ""Guardian"", ""source_id"": ""85e437ac-6530-4b44-8c27-6b07cb7e1ce4"", ""account"": ""36910"", ""provided_by"": ""Toowoomba Regional"", ""provided_by_url"": ""http://www.tr.qld.gov.au/community-business/community-safety""}, ""url"": ""https://api.qldtraffic.qld.gov.au/v2/events/828574"", ""image"": null, ""event_type"": ""Special event"", ""event_subtype"": ""N/A"", ""event_due_to"": null, ""impact"": {""direction"": ""All directions"", ""towards"": null, ""impact_type"": ""Closures"", ""impact_subtype"": ""Road closed to all traffic"", ""delay"": """"}, ""duration"": {""start"": ""2026-09-19T05:00:00+10:00"", ""end"": ""2026-09-19T14:00:00+10:00"", ""active_days"": null, ""recurrences"": null}, ""event_priority"": ""Medium"", ""description"": ""Grand Central Floral Parade"", ""advice"": ""Changed traffic conditions"", ""information"": null, ""road_summary"": {""road_name"": ""Little Street / Herries Street / Duggan Street"", ""locality"": ""Toowoomba City"", ""postcode"": ""4350"", ""local_government_area"": ""Toowoomba Regional"", ""district"": ""Darling Downs""}, ""last_updated"": ""2026-09-19T07:06:01.799388+10:00"", ""next_inspection"": null, ""web_link"": ""https://tcof.com.au/wp-content/uploads/2026/08/Parade-Road-Closure-Map-2026.pdf"", ""alert_message"": null}",MultiLineString,2,0.0,high,matched,"line: blocked 2 of 10 candidate edge(s) within 10m; name-confirmed=0; distance-body=2; rejected endpoint-no-bleed=2, cross/short-touch=6; no graph road-name match; used strict distance-only body matching",https://api.qldtraffic.qld.gov.au/v2/events/828574
impassable_only,qld.qldtraffic.b6f38db85efa71faa08e,qldtraffic,road_closed,impassable,active,unknown,,Duggan Street / Ruthven Street,Toowoomba City,Grand Central Floral Parade | Road closed to all traffic,Changed traffic conditions,828577,Changed traffic conditions,Special event,N/A,Closures,Road closed to all traffic,"{""id"": 828577, ""area_alert"": false, ""status"": ""Published"", ""published"": ""2026-09-19T05:00:00+10:00"", ""source"": {""source_name"": ""Guardian"", ""source_id"": ""763a19ac-3dcf-4f33-9c94-cea6866d410a"", ""account"": ""36910"", ""provided_by"": ""Toowoomba Regional"", ""provided_by_url"": ""http://www.tr.qld.gov.au/community-business/community-safety""}, ""url"": ""https://api.qldtraffic.qld.gov.au/v2/events/828577"", ""image"": null, ""event_type"": ""Special event"", ""event_subtype"": ""N/A"", ""event_due_to"": null, ""impact"": {""direction"": ""All directions"", ""towards"": null, ""impact_type"": ""Closures"", ""impact_subtype"": ""Road closed to all traffic"", ""delay"": """"}, ""duration"": {""start"": ""2026-09-19T05:00:00+10:00"", ""end"": ""2026-09-19T14:00:00+10:00"", ""active_days"": null, ""recurrences"": null}, ""event_priority"": ""Medium"", ""description"": ""Grand Central Floral Parade"", ""advice"": ""Changed traffic conditions"", ""information"": null, ""road_summary"": {""road_name"": ""Duggan Street / Ruthven Street"", ""locality"": ""Toowoomba City"", ""postcode"": ""4350"", ""local_government_area"": ""Toowoomba Regional"", ""district"": ""Darling Downs""}, ""last_updated"": ""2026-09-19T07:06:03.012826+10:00"", ""next_inspection"": null, ""web_link"": ""https://tcof.com.au/wp-content/uploads/2026/08/Parade-Road-Closure-Map-2026.pdf"", ""alert_message"": null}",MultiLineString,2,0.3,high,matched,line: blocked 2 of 14 candidate edge(s) within 10m; name-confirmed=0; distance-body=2; rejected cross/short-touch=12; no graph road-name match; used strict distance-only body matching,https://api.qldtraffic.qld.gov.au/v2/events/828577
impassable_only,qld.qldtraffic.377f862f27419b1a6c03,qldtraffic,road_closed,impassable,active,unknown,,Margaret Street,Toowoomba City,Grand Central Floral Parade | Road closed to all traffic,Changed traffic conditions,828584,Changed traffic conditions,Special event,N/A,Closures,Road closed to all traffic,"{""id"": 828584, ""area_alert"": false, ""status"": ""Published"", ""published"": ""2026-09-19T05:00:00+10:00"", ""source"": {""source_name"": ""Guardian"", ""source_id"": ""067ac019-9838-4b65-a3bf-68605eded343"", ""account"": ""36910"", ""provided_by"": ""Toowoomba Regional"", ""provided_by_url"": ""http://www.tr.qld.gov.au/community-business/community-safety""}, ""url"": ""https://api.qldtraffic.qld.gov.au/v2/events/828584"", ""image"": null, ""event_type"": ""Special event"", ""event_subtype"": ""N/A"", ""event_due_to"": null, ""impact"": {""direction"": ""All directions"", ""towards"": null, ""impact_type"": ""Closures"", ""impact_subtype"": ""Road closed to all traffic"", ""delay"": """"}, ""duration"": {""start"": ""2026-09-19T05:00:00+10:00"", ""end"": ""2026-09-19T14:00:00+10:00"", ""active_days"": null, ""recurrences"": null}, ""event_priority"": ""Medium"", ""description"": ""Grand Central Floral Parade"", ""advice"": ""Changed traffic conditions"", ""information"": null, ""road_summary"": {""road_name"": ""Margaret Street"", ""locality"": ""Toowoomba City"", ""postcode"": ""4350"", ""local_government_area"": ""Toowoomba Regional"", ""district"": ""Darling Downs""}, ""last_updated"": ""2026-09-19T07:10:04.00228+10:00"", ""next_inspection"": null, ""web_link"": null, ""alert_message"": null}",MultiLineString,14,0.0,high,matched,"line: blocked 14 of 48 candidate edge(s) within 10m; name-confirmed=0; distance-body=14; rejected endpoint-no-bleed=2, cross/short-touch=32; no graph road-name match; used strict distance-only body matching",https://api.qldtraffic.qld.gov.au/v2/events/828584
impassable_only,qld.qldtraffic.997d02ad95e06b625510,qldtraffic,road_closed,impassable,active,unknown,,Margaret Street,Toowoomba City,Grand Central Floral Parade | Road closed to all traffic,Changed traffic conditions,828586,Changed traffic conditions,Special event,N/A,Closures,Road closed to all traffic,"{""id"": 828586, ""area_alert"": false, ""status"": ""Published"", ""published"": ""2026-09-19T05:00:00+10:00"", ""source"": {""source_name"": ""Guardian"", ""source_id"": ""f5eb4a21-ef52-4389-b61d-3c124ce823eb"", ""account"": ""36910"", ""provided_by"": ""Toowoomba Regional"", ""provided_by_url"": ""http://www.tr.qld.gov.au/community-business/community-safety""}, ""url"": ""https://api.qldtraffic.qld.gov.au/v2/events/828586"", ""image"": null, ""event_type"": ""Special event"", ""event_subtype"": ""N/A"", ""event_due_to"": null, ""impact"": {""direction"": ""All directions"", ""towards"": null, ""impact_type"": ""Closures"", ""impact_subtype"": ""Road closed to all traffic"", ""delay"": """"}, ""duration"": {""start"": ""2026-09-19T05:00:00+10:00"", ""end"": ""2026-09-19T14:00:00+10:00"", ""active_days"": null, ""recurrences"": null}, ""event_priority"": ""Medium"", ""description"": ""Grand Central Floral Parade"", ""advice"": ""Changed traffic conditions"", ""information"": null, ""road_summary"": {""road_name"": ""Margaret Street"", ""locality"": ""Toowoomba City"", ""postcode"": ""4350"", ""local_government_area"": ""Toowoomba Regional"", ""district"": ""Darling Downs""}, ""last_updated"": ""2026-09-19T07:10:06.279834+10:00"", ""next_inspection"": null, ""web_link"": null, ""alert_message"": null}",MultiLineString,10,0.0,high,matched,"line: blocked 10 of 32 candidate edge(s) within 10m; name-confirmed=0; distance-body=10; rejected endpoint-no-bleed=4, cross/short-touch=18; no graph road-name match; used strict distance-only body matching",https://api.qldtraffic.qld.gov.au/v2/events/828586
impassable_only,qld.qldtraffic.9c10d158791b534095c1,qldtraffic,road_closed,impassable,active,unknown,,Margaret Street / Union Street / Annand Street,East Toowoomba / Toowoomba City,Grand Central Floral Parade | Road closed to all traffic,Changed traffic conditions,828589,Changed traffic conditions,Special event,N/A,Closures,Road closed to all traffic,"{""id"": 828589, ""area_alert"": false, ""status"": ""Published"", ""published"": ""2026-09-19T05:00:00+10:00"", ""source"": {""source_name"": ""Guardian"", ""source_id"": ""c01c1778-f566-4302-b751-d5cc0e9845b1"", ""account"": ""36910"", ""provided_by"": ""Toowoomba Regional"", ""provided_by_url"": ""http://www.tr.qld.gov.au/community-business/community-safety""}, ""url"": ""https://api.qldtraffic.qld.gov.au/v2/events/828589"", ""image"": null, ""event_type"": ""Special event"", ""event_subtype"": ""N/A"", ""event_due_to"": null, ""impact"": {""direction"": ""All directions"", ""towards"": null, ""impact_type"": ""Closures"", ""impact_subtype"": ""Road closed to all traffic"", ""delay"": """"}, ""duration"": {""start"": ""2026-09-19T05:00:00+10:00"", ""end"": ""2026-09-19T14:00:00+10:00"", ""active_days"": null, ""recurrences"": null}, ""event_priority"": ""Medium"", ""description"": ""Grand Central Floral Parade"", ""advice"": ""Changed traffic conditions"", ""information"": null, ""road_summary"": {""road_name"": ""Margaret Street / Union Street / Annand Street"", ""locality"": ""East Toowoomba / Toowoomba City"", ""postcode"": ""4350"", ""local_government_area"": ""Toowoomba Regional"", ""district"": ""Darling Downs""}, ""last_updated"": ""2026-09-19T07:12:04.001153+10:00"", ""next_inspection"": null, ""web_link"": ""https://tcof.com.au/wp-content/uploads/2026/08/Parade-Road-Closure-Map-2026.pdf"", ""alert_message"": null}",MultiLineString,30,0.0,high,matched,"line: blocked 30 of 90 candidate edge(s) within 10m; name-confirmed=0; distance-body=30; rejected endpoint-no-bleed=2, cross/short-touch=58; no graph road-name match; used strict distance-only body matching",https://api.qldtraffic.qld.gov.au/v2/events/828589
impassable_only,qld.qldtraffic.a548bdad57dd0c5f7546,qldtraffic,road_closed,impassable,active,unknown,,Ruthven Street / Neil Street,Toowoomba City,Grand Central Floral Parade | Road closed to all traffic,Changed traffic conditions,828590,Changed traffic conditions,Special event,N/A,Closures,Road closed to all traffic,"{""id"": 828590, ""area_alert"": false, ""status"": ""Published"", ""published"": ""2026-09-19T05:00:00+10:00"", ""source"": {""source_name"": ""Guardian"", ""source_id"": ""b24bdc84-36ba-4ff2-9bf5-114c32f469a9"", ""account"": ""36910"", ""provided_by"": ""Toowoomba Regional"", ""provided_by_url"": ""http://www.tr.qld.gov.au/community-business/community-safety""}, ""url"": ""https://api.qldtraffic.qld.gov.au/v2/events/828590"", ""image"": null, ""event_type"": ""Special event"", ""event_subtype"": ""N/A"", ""event_due_to"": null, ""impact"": {""direction"": ""All directions"", ""towards"": null, ""impact_type"": ""Closures"", ""impact_subtype"": ""Road closed to all traffic"", ""delay"": """"}, ""duration"": {""start"": ""2026-09-19T05:00:00+10:00"", ""end"": ""2026-09-19T14:00:00+10:00"", ""active_days"": null, ""recurrences"": null}, ""event_priority"": ""Medium"", ""description"": ""Grand Central Floral Parade"", ""advice"": ""Changed traffic conditions"", ""information"": null, ""road_summary"": {""road_name"": ""Ruthven Street / Neil Street"", ""locality"": ""Toowoomba City"", ""postcode"": ""4350"", ""local_government_area"": ""Toowoomba Regional"", ""district"": ""Darling Downs""}, ""last_updated"": ""2026-09-19T07:12:07.059454+10:00"", ""next_inspection"": null, ""web_link"": null, ""alert_message"": null}",MultiLineString,2,0.0,high,matched,"line: blocked 2 of 22 candidate edge(s) within 10m; name-confirmed=0; distance-body=2; rejected endpoint-no-bleed=4, cross/short-touch=16; no graph road-name match; used strict distance-only body matching",https://api.qldtraffic.qld.gov.au/v2/events/828590
impassable_only,qld.qldtraffic.578abe321adfbba31fc6,qldtraffic,road_closed,impassable,active,unknown,,Annand Street / Herries Street / Neil Street,Toowoomba City,Grand Central Floral Parade | Road closed to all traffic,Changed traffic conditions,828591,Changed traffic conditions,Special event,N/A,Closures,Road closed to all traffic,"{""id"": 828591, ""area_alert"": false, ""status"": ""Published"", ""published"": ""2026-09-19T05:00:00+10:00"", ""source"": {""source_name"": ""Guardian"", ""source_id"": ""8cf929d1-0167-401e-92c3-330f1f87d5c6"", ""account"": ""36910"", ""provided_by"": ""Toowoomba Regional"", ""provided_by_url"": ""http://www.tr.qld.gov.au/community-business/community-safety""}, ""url"": ""https://api.qldtraffic.qld.gov.au/v2/events/828591"", ""image"": null, ""event_type"": ""Special event"", ""event_subtype"": ""N/A"", ""event_due_to"": null, ""impact"": {""direction"": ""All directions"", ""towards"": null, ""impact_type"": ""Closures"", ""impact_subtype"": ""Road closed to all traffic"", ""delay"": """"}, ""duration"": {""start"": ""2026-09-19T05:00:00+10:00"", ""end"": ""2026-09-19T14:00:00+10:00"", ""active_days"": null, ""recurrences"": null}, ""event_priority"": ""Medium"", ""description"": ""Grand Central Floral Parade"", ""advice"": ""Changed traffic conditions"", ""information"": null, ""road_summary"": {""road_name"": ""Annand Street / Herries Street / Neil Street"", ""locality"": ""Toowoomba City"", ""postcode"": ""4350"", ""local_government_area"": ""Toowoomba Regional"", ""district"": ""Darling Downs""}, ""last_updated"": ""2026-09-19T07:14:02.343803+10:00"", ""next_inspection"": null, ""web_link"": null, ""alert_message"": null}",MultiLineString,8,0.0,high,matched,line: blocked 8 of 26 candidate edge(s) within 10m; name-confirmed=0; distance-body=8; rejected cross/short-touch=18; no graph road-name match; used strict distance-only body matching,https://api.qldtraffic.qld.gov.au/v2/events/828591
impassable_only,qld.qldtraffic.eb3027a8575cbc234245,qldtraffic,road_closed,impassable,active,unknown,,Neil Street,Toowoomba City,Grand Central Floral Parade | Road closed to all traffic,Changed traffic conditions,828592,Changed traffic conditions,Special event,N/A,Closures,Road closed to all traffic,"{""id"": 828592, ""area_alert"": false, ""status"": ""Published"", ""published"": ""2026-09-19T05:00:00+10:00"", ""source"": {""source_name"": ""Guardian"", ""source_id"": ""a567c6cf-a957-4693-b7d9-2721fdf262e2"", ""account"": ""36910"", ""provided_by"": ""Toowoomba Regional"", ""provided_by_url"": ""http://www.tr.qld.gov.au/community-business/community-safety""}, ""url"": ""https://api.qldtraffic.qld.gov.au/v2/events/828592"", ""image"": null, ""event_type"": ""Special event"", ""event_subtype"": ""N/A"", ""event_due_to"": null, ""impact"": {""direction"": ""All directions"", ""towards"": null, ""impact_type"": ""Closures"", ""impact_subtype"": ""Road closed to all traffic"", ""delay"": """"}, ""duration"": {""start"": ""2026-09-19T05:00:00+10:00"", ""end"": ""2026-09-19T14:00:00+10:00"", ""active_days"": null, ""recurrences"": null}, ""event_priority"": ""Medium"", ""description"": ""Grand Central Floral Parade"", ""advice"": ""Changed traffic conditions"", ""information"": null, ""road_summary"": {""road_name"": ""Neil Street"", ""locality"": ""Toowoomba City"", ""postcode"": ""4350"", ""local_government_area"": ""Toowoomba Regional"", ""district"": ""Darling Downs""}, ""last_updated"": ""2026-09-19T07:14:06.730769+10:00"", ""next_inspection"": null, ""web_link"": null, ""alert_message"": null}",MultiLineString,22,0.0,high,matched,"line: blocked 22 of 58 candidate edge(s) within 10m; name-confirmed=0; distance-body=22; rejected endpoint-no-bleed=4, cross/short-touch=32; no graph road-name match; used strict distance-only body matching",https://api.qldtraffic.qld.gov.au/v2/events/828592
impassable_only,qld.qldtraffic.8c766a271989a4dc3994,qldtraffic,road_closed,impassable,active,unknown,,Neil Street / Hume Street,Toowoomba City,Grand Central Floral Parade | Road closed to all traffic,Changed traffic conditions,828634,Changed traffic conditions,Special event,N/A,Closures,Road closed to all traffic,"{""id"": 828634, ""area_alert"": false, ""status"": ""Published"", ""published"": ""2026-09-19T05:00:00+10:00"", ""source"": {""source_name"": ""Guardian"", ""source_id"": ""4939f82c-6e3b-44e0-b689-fff73f482932"", ""account"": ""36910"", ""provided_by"": ""Toowoomba Regional"", ""provided_by_url"": ""http://www.tr.qld.gov.au/community-business/community-safety""}, ""url"": ""https://api.qldtraffic.qld.gov.au/v2/events/828634"", ""image"": null, ""event_type"": ""Special event"", ""event_subtype"": ""N/A"", ""event_due_to"": null, ""impact"": {""direction"": ""All directions"", ""towards"": null, ""impact_type"": ""Closures"", ""impact_subtype"": ""Road closed to all traffic"", ""delay"": """"}, ""duration"": {""start"": ""2026-09-19T05:00:00+10:00"", ""end"": ""2026-09-19T14:00:00+10:00"", ""active_days"": null, ""recurrences"": null}, ""event_priority"": ""Medium"", ""description"": ""Grand Central Floral Parade"", ""advice"": ""Changed traffic conditions"", ""information"": null, ""road_summary"": {""road_name"": ""Neil Street / Hume Street"", ""locality"": ""Toowoomba City"", ""postcode"": ""4350"", ""local_government_area"": ""Toowoomba Regional"", ""district"": ""Darling Downs""}, ""last_updated"": ""2026-09-19T07:14:08.210423+10:00"", ""next_inspection"": null, ""web_link"": ""https://tcof.com.au/wp-content/uploads/2026/08/Parade-Road-Closure-Map-2026.pdf"", ""alert_message"": null}",MultiLineString,4,0.0,high,matched,"line: blocked 4 of 20 candidate edge(s) within 10m; name-confirmed=0; distance-body=4; rejected endpoint-no-bleed=2, cross/short-touch=14; no graph road-name match; used strict distance-only body matching",https://api.qldtraffic.qld.gov.au/v2/events/828634
impassable_only,qld.qldtraffic.087c678ea79af40866e0,qldtraffic,road_closed,impassable,active,unknown,,Hume Street / Neil Street / Chalk Drive / Hume Street,Toowoomba City,Grand Central Floral Parade | Road closed to all traffic,Changed traffic conditions,828636,Changed traffic conditions,Special event,N/A,Closures,Road closed to all traffic,"{""id"": 828636, ""area_alert"": false, ""status"": ""Published"", ""published"": ""2026-09-19T05:00:00+10:00"", ""source"": {""source_name"": ""Guardian"", ""source_id"": ""b0c09880-5a15-4c63-9440-136153035e68"", ""account"": ""36910"", ""provided_by"": ""Toowoomba Regional"", ""provided_by_url"": ""http://www.tr.qld.gov.au/community-business/community-safety""}, ""url"": ""https://api.qldtraffic.qld.gov.au/v2/events/828636"", ""image"": null, ""event_type"": ""Special event"", ""event_subtype"": ""N/A"", ""event_due_to"": null, ""impact"": {""direction"": ""All directions"", ""towards"": null, ""impact_type"": ""Closures"", ""impact_subtype"": ""Road closed to all traffic"", ""delay"": """"}, ""duration"": {""start"": ""2026-09-19T05:00:00+10:00"", ""end"": ""2026-09-19T14:00:00+10:00"", ""active_days"": null, ""recurrences"": null}, ""event_priority"": ""Medium"", ""description"": ""Grand Central Floral Parade"", ""advice"": ""Changed traffic conditions"", ""information"": null, ""road_summary"": {""road_name"": ""Hume Street / Neil Street / Chalk Drive / Hume Street"", ""locality"": ""Toowoomba City"", ""postcode"": ""4350"", ""local_government_area"": ""Toowoomba Regional"", ""district"": ""Darling Downs""}, ""last_updated"": ""2026-09-19T07:14:12.504581+10:00"", ""next_inspection"": null, ""web_link"": ""https://tcof.com.au/wp-content/uploads/2026/08/Parade-Road-Closure-Map-2026.pdf"", ""alert_message"": null}",MultiLineString,12,0.0,high,matched,"line: blocked 8 of 26 candidate edge(s) within 10m; name-confirmed=0; distance-body=8; rejected endpoint-no-bleed=6, cross/short-touch=12; no graph road-name match; used strict distance-only body matching; line: blocked 2 of 8 candidate edge(s) within 10m; name-confirmed=0; distance-body=2; rejected endpoint-no-bleed=4, cross/short-touch=2; no graph road-name match; used strict distance-only body matching; line: blocked 8 of 36 candidate edge(s) within 10m; name-confirmed=0; distance-body=8; rejected endpoint-no-bleed=2, cross/short-touch=24, angle-mismatch=2; no graph road-name match; used strict distance-only body matching",https://api.qldtraffic.qld.gov.au/v2/events/828636
impassable_only,qld.qldtraffic.803556fa6f7a85d446e9,qldtraffic,road_closed,impassable,active,unknown,,Bowen Street / Bell Street / Hume Street,Toowoomba City,Grand Central Floral Parade | Road closed to all traffic,Changed traffic conditions,828638,Changed traffic conditions,Special event,N/A,Closures,Road closed to all traffic,"{""id"": 828638, ""area_alert"": false, ""status"": ""Published"", ""published"": ""2026-09-19T05:00:00+10:00"", ""source"": {""source_name"": ""Guardian"", ""source_id"": ""7b26e18a-4864-4c34-877c-abd3a6337c43"", ""account"": ""36910"", ""provided_by"": ""Toowoomba Regional"", ""provided_by_url"": ""http://www.tr.qld.gov.au/community-business/community-safety""}, ""url"": ""https://api.qldtraffic.qld.gov.au/v2/events/828638"", ""image"": null, ""event_type"": ""Special event"", ""event_subtype"": ""N/A"", ""event_due_to"": null, ""impact"": {""direction"": ""All directions"", ""towards"": null, ""impact_type"": ""Closures"", ""impact_subtype"": ""Road closed to all traffic"", ""delay"": """"}, ""duration"": {""start"": ""2026-09-19T05:00:00+10:00"", ""end"": ""2026-09-19T14:00:00+10:00"", ""active_days"": null, ""recurrences"": null}, ""event_priority"": ""Medium"", ""description"": ""Grand Central Floral Parade"", ""advice"": ""Changed traffic conditions"", ""information"": null, ""road_summary"": {""road_name"": ""Bowen Street / Bell Street / Hume Street"", ""locality"": ""Toowoomba City"", ""postcode"": ""4350"", ""local_government_area"": ""Toowoomba Regional"", ""district"": ""Darling Downs""}, ""last_updated"": ""2026-09-19T07:16:01.570719+10:00"", ""next_inspection"": null, ""web_link"": ""https://tcof.com.au/wp-content/uploads/2026/08/Parade-Road-Closure-Map-2026.pdf"", ""alert_message"": null}",MultiLineString,12,0.0,high,matched,"line: blocked 12 of 46 candidate edge(s) within 10m; name-confirmed=0; distance-body=12; rejected endpoint-no-bleed=6, cross/short-touch=28; no graph road-name match; used strict distance-only body matching",https://api.qldtraffic.qld.gov.au/v2/events/828638
impassable_only,qld.qldtraffic.673d6f60b9239afbe3b2,qldtraffic,road_closed,impassable,active,unknown,,Neil Street / Bell Street,Toowoomba City,Grand Central Floral Parade | Road closed to all traffic,Changed traffic conditions,828639,Changed traffic conditions,Special event,N/A,Closures,Road closed to all traffic,"{""id"": 828639, ""area_alert"": false, ""status"": ""Published"", ""published"": ""2026-09-19T05:00:00+10:00"", ""source"": {""source_name"": ""Guardian"", ""source_id"": ""f1859d30-9833-4774-bf88-49d38c8fba39"", ""account"": ""36910"", ""provided_by"": ""Toowoomba Regional"", ""provided_by_url"": ""http://www.tr.qld.gov.au/community-business/community-safety""}, ""url"": ""https://api.qldtraffic.qld.gov.au/v2/events/828639"", ""image"": null, ""event_type"": ""Special event"", ""event_subtype"": ""N/A"", ""event_due_to"": null, ""impact"": {""direction"": ""All directions"", ""towards"": null, ""impact_type"": ""Closures"", ""impact_subtype"": ""Road closed to all traffic"", ""delay"": """"}, ""duration"": {""start"": ""2026-09-19T05:00:00+10:00"", ""end"": ""2026-09-19T14:00:00+10:00"", ""active_days"": null, ""recurrences"": null}, ""event_priority"": ""Medium"", ""description"": ""Grand Central Floral Parade"", ""advice"": ""Changed traffic conditions"", ""information"": null, ""road_summary"": {""road_name"": ""Neil Street / Bell Street"", ""locality"": ""Toowoomba City"", ""postcode"": ""4350"", ""local_government_area"": ""Toowoomba Regional"", ""district"": ""Darling Downs""}, ""last_updated"": ""2026-09-19T07:16:02.704012+10:00"", ""next_inspection"": null, ""web_link"": ""https://tcof.com.au/wp-content/uploads/2026/08/Parade-Road-Closure-Map-2026.pdf"", ""alert_message"": null}",MultiLineString,2,0.0,high,matched,line: blocked 2 of 20 candidate edge(s) within 10m; name-confirmed=0; distance-body=2; rejected cross/short-touch=18; no graph road-name match; used strict distance-only body matching,https://api.qldtraffic.qld.gov.au/v2/events/828639
impassable_only,qld.qldtraffic.6b5285e3b2d0b65aa8f1,qldtraffic,road_closed,impassable,active,unknown,,Neil Street / Margaret Street / Hume Street,Toowoomba City,Grand Central Floral Parade | Road closed to all traffic,Changed traffic conditions,828641,Changed traffic conditions,Special event,N/A,Closures,Road closed to all traffic,"{""id"": 828641, ""area_alert"": false, ""status"": ""Published"", ""published"": ""2026-09-19T05:00:00+10:00"", ""source"": {""source_name"": ""Guardian"", ""source_id"": ""d438fc46-903e-4193-bf80-2503a28496f1"", ""account"": ""36910"", ""provided_by"": ""Toowoomba Regional"", ""provided_by_url"": ""http://www.tr.qld.gov.au/community-business/community-safety""}, ""url"": ""https://api.qldtraffic.qld.gov.au/v2/events/828641"", ""image"": null, ""event_type"": ""Special event"", ""event_subtype"": ""N/A"", ""event_due_to"": null, ""impact"": {""direction"": ""All directions"", ""towards"": null, ""impact_type"": ""Closures"", ""impact_subtype"": ""Road closed to all traffic"", ""delay"": """"}, ""duration"": {""start"": ""2026-09-19T05:00:00+10:00"", ""end"": ""2026-09-19T14:00:00+10:00"", ""active_days"": null, ""recurrences"": null}, ""event_priority"": ""Medium"", ""description"": ""Grand Central Floral Parade"", ""advice"": ""Changed traffic conditions"", ""information"": null, ""road_summary"": {""road_name"": ""Neil Street / Margaret Street / Hume Street"", ""locality"": ""Toowoomba City"", ""postcode"": ""4350"", ""local_government_area"": ""Toowoomba Regional"", ""district"": ""Darling Downs""}, ""last_updated"": ""2026-09-19T07:16:04.445702+10:00"", ""next_inspection"": null, ""web_link"": ""https://tcof.com.au/wp-content/uploads/2026/08/Parade-Road-Closure-Map-2026.pdf"", ""alert_message"": null}",MultiLineString,16,0.0,high,matched,"line: blocked 16 of 50 candidate edge(s) within 10m; name-confirmed=0; distance-body=16; rejected endpoint-no-bleed=2, cross/short-touch=32; no graph road-name match; used strict distance-only body matching",https://api.qldtraffic.qld.gov.au/v2/events/828641
impassable_only,qld.qldtraffic.b6de4bfe2ac9c40263b0,qldtraffic,road_closed,impassable,active,unknown,,Margaret Street,Toowoomba City,Grand Central Floral Parade | Road closed to all traffic,Changed traffic conditions,828642,Changed traffic conditions,Special event,N/A,Closures,Road closed to all traffic,"{""id"": 828642, ""area_alert"": false, ""status"": ""Published"", ""published"": ""2026-09-19T05:00:00+10:00"", ""source"": {""source_name"": ""Guardian"", ""source_id"": ""b5576f67-ec8d-47a1-abac-d5af98956006"", ""account"": ""36910"", ""provided_by"": ""Toowoomba Regional"", ""provided_by_url"": ""http://www.tr.qld.gov.au/community-business/community-safety""}, ""url"": ""https://api.qldtraffic.qld.gov.au/v2/events/828642"", ""image"": null, ""event_type"": ""Special event"", ""event_subtype"": ""N/A"", ""event_due_to"": null, ""impact"": {""direction"": ""All directions"", ""towards"": null, ""impact_type"": ""Closures"", ""impact_subtype"": ""Road closed to all traffic"", ""delay"": """"}, ""duration"": {""start"": ""2026-09-19T05:00:00+10:00"", ""end"": ""2026-09-19T14:00:00+10:00"", ""active_days"": null, ""recurrences"": null}, ""event_priority"": ""Medium"", ""description"": ""Grand Central Floral Parade"", ""advice"": ""Changed traffic conditions"", ""information"": null, ""road_summary"": {""road_name"": ""Margaret Street"", ""locality"": ""Toowoomba City"", ""postcode"": ""4350"", ""local_government_area"": ""Toowoomba Regional"", ""district"": ""Darling Downs""}, ""last_updated"": ""2026-09-19T07:16:05.879107+10:00"", ""next_inspection"": null, ""web_link"": ""https://tcof.com.au/wp-content/uploads/2026/08/Parade-Road-Closure-Map-2026.pdf"", ""alert_message"": null}",MultiLineString,2,0.0,high,matched,line: blocked 2 of 8 candidate edge(s) within 10m; name-confirmed=0; distance-body=2; rejected cross/short-touch=6; no graph road-name match; used strict distance-only body matching,https://api.qldtraffic.qld.gov.au/v2/events/828642
impassable_only,qld.qldtraffic.be146c23c1efe46d6727,qldtraffic,road_closed,impassable,active,unknown,,Neil Street / Douglas Street / State Route 85,East Toowoomba / Toowoomba City,Grand Central Floral Parade | Road closed to all traffic,Changed traffic conditions,828643,Changed traffic conditions,Special event,N/A,Closures,Road closed to all traffic,"{""id"": 828643, ""area_alert"": false, ""status"": ""Published"", ""published"": ""2026-09-19T05:00:00+10:00"", ""source"": {""source_name"": ""Guardian"", ""source_id"": ""b9beb76b-16c1-4cc5-8b26-8e5daa9c759e"", ""account"": ""36910"", ""provided_by"": ""Toowoomba Regional"", ""provided_by_url"": ""http://www.tr.qld.gov.au/community-business/community-safety""}, ""url"": ""https://api.qldtraffic.qld.gov.au/v2/events/828643"", ""image"": null, ""event_type"": ""Special event"", ""event_subtype"": ""N/A"", ""event_due_to"": null, ""impact"": {""direction"": ""All directions"", ""towards"": null, ""impact_type"": ""Closures"", ""impact_subtype"": ""Road closed to all traffic"", ""delay"": """"}, ""duration"": {""start"": ""2026-09-19T05:00:00+10:00"", ""end"": ""2026-09-19T14:00:00+10:00"", ""active_days"": null, ""recurrences"": null}, ""event_priority"": ""Medium"", ""description"": ""Grand Central Floral Parade"", ""advice"": ""Changed traffic conditions"", ""information"": null, ""road_summary"": {""road_name"": ""Neil Street / Douglas Street / State Route 85"", ""locality"": ""East Toowoomba / Toowoomba City"", ""postcode"": ""4350"", ""local_government_area"": ""Toowoomba Regional"", ""district"": ""Darling Downs""}, ""last_updated"": ""2026-09-19T07:18:01.748244+10:00"", ""next_inspection"": null, ""web_link"": ""https://tcof.com.au/wp-content/uploads/2026/08/Parade-Road-Closure-Map-2026.pdf"", ""alert_message"": null}",MultiLineString,8,0.0,high,matched,"line: blocked 8 of 24 candidate edge(s) within 10m; name-confirmed=0; distance-body=8; rejected endpoint-no-bleed=2, cross/short-touch=14; no graph road-name match; used strict distance-only body matching",https://api.qldtraffic.qld.gov.au/v2/events/828643
impassable_only,qld.qldtraffic.39c4b92844acbc29fdb3,qldtraffic,road_closed,impassable,active,unknown,,Douglas Street / Thorn Street,Toowoomba City,Grand Central Floral Parade | Road closed to all traffic,Changed traffic conditions,828645,Changed traffic conditions,Special event,N/A,Closures,Road closed to all traffic,"{""id"": 828645, ""area_alert"": false, ""status"": ""Published"", ""published"": ""2026-09-19T05:00:00+10:00"", ""source"": {""source_name"": ""Guardian"", ""source_id"": ""649466f4-e548-4fca-93d6-d8dc72ae2c17"", ""account"": ""36910"", ""provided_by"": ""Toowoomba Regional"", ""provided_by_url"": ""http://www.tr.qld.gov.au/community-business/community-safety""}, ""url"": ""https://api.qldtraffic.qld.gov.au/v2/events/828645"", ""image"": null, ""event_type"": ""Special event"", ""event_subtype"": ""N/A"", ""event_due_to"": null, ""impact"": {""direction"": ""All directions"", ""towards"": null, ""impact_type"": ""Closures"", ""impact_subtype"": ""Road closed to all traffic"", ""delay"": """"}, ""duration"": {""start"": ""2026-09-19T05:00:00+10:00"", ""end"": ""2026-09-19T14:00:00+10:00"", ""active_days"": null, ""recurrences"": null}, ""event_priority"": ""Medium"", ""description"": ""Grand Central Floral Parade"", ""advice"": ""Changed traffic conditions"", ""information"": null, ""road_summary"": {""road_name"": ""Douglas Street / Thorn Street"", ""locality"": ""Toowoomba City"", ""postcode"": ""4350"", ""local_government_area"": ""Toowoomba Regional"", ""district"": ""Darling Downs""}, ""last_updated"": ""2026-09-19T07:18:02.884185+10:00"", ""next_inspection"": null, ""web_link"": ""https://tcof.com.au/wp-content/uploads/2026/08/Parade-Road-Closure-Map-2026.pdf"", ""alert_message"": null}",MultiLineString,2,0.0,high,matched,line: blocked 2 of 10 candidate edge(s) within 10m; name-confirmed=0; distance-body=2; rejected cross/short-touch=8; no graph road-name match; used strict distance-only body matching,https://api.qldtraffic.qld.gov.au/v2/events/828645
impassable_only,qld.qldtraffic.710a7ab9db7b41121b4d,qldtraffic,road_closed,impassable,active,unknown,,Neil Street / Herries Street / Hume Street,East Toowoomba / Toowoomba City,Grand Central Floral Parade | Road closed to all traffic,Changed traffic conditions,828646,Changed traffic conditions,Special event,N/A,Closures,Road closed to all traffic,"{""id"": 828646, ""area_alert"": false, ""status"": ""Published"", ""published"": ""2026-09-19T05:00:00+10:00"", ""source"": {""source_name"": ""Guardian"", ""source_id"": ""36dacbbd-d564-4992-9c30-95eff3eb734d"", ""account"": ""36910"", ""provided_by"": ""Toowoomba Regional"", ""provided_by_url"": ""http://www.tr.qld.gov.au/community-business/community-safety""}, ""url"": ""https://api.qldtraffic.qld.gov.au/v2/events/828646"", ""image"": null, ""event_type"": ""Special event"", ""event_subtype"": ""N/A"", ""event_due_to"": null, ""impact"": {""direction"": ""All directions"", ""towards"": null, ""impact_type"": ""Closures"", ""impact_subtype"": ""Road closed to all traffic"", ""delay"": """"}, ""duration"": {""start"": ""2026-09-19T05:00:00+10:00"", ""end"": ""2026-09-19T14:00:00+10:00"", ""active_days"": null, ""recurrences"": null}, ""event_priority"": ""Medium"", ""description"": ""Grand Central Floral Parade"", ""advice"": ""Changed traffic conditions"", ""information"": null, ""road_summary"": {""road_name"": ""Neil Street / Herries Street / Hume Street"", ""locality"": ""East Toowoomba / Toowoomba City"", ""postcode"": ""4350"", ""local_government_area"": ""Toowoomba Regional"", ""district"": ""Darling Downs""}, ""last_updated"": ""2026-09-19T07:18:04.243635+10:00"", ""next_inspection"": null, ""web_link"": ""https://tcof.com.au/wp-content/uploads/2026/08/Parade-Road-Closure-Map-2026.pdf"", ""alert_message"": null}",MultiLineString,18,0.0,high,matched,"line: blocked 18 of 50 candidate edge(s) within 10m; name-confirmed=0; distance-body=18; rejected endpoint-no-bleed=6, cross/short-touch=26; no graph road-name match; used strict distance-only body matching",https://api.qldtraffic.qld.gov.au/v2/events/828646
impassable_only,qld.qldtraffic.af3fce0f9326b2386d72,qldtraffic,road_closed,impassable,active,unknown,,Eton Street / Phillip Street / Herries Street,East Toowoomba,Grand Central Floral Parade | Road closed to all traffic,Changed traffic conditions,828649,Changed traffic conditions,Special event,N/A,Closures,Road closed to all traffic,"{""id"": 828649, ""area_alert"": false, ""status"": ""Published"", ""published"": ""2026-09-19T05:00:00+10:00"", ""source"": {""source_name"": ""Guardian"", ""source_id"": ""907ec8d6-119e-4375-822b-4306297619c5"", ""account"": ""36910"", ""provided_by"": ""Toowoomba Regional"", ""provided_by_url"": ""http://www.tr.qld.gov.au/community-business/community-safety""}, ""url"": ""https://api.qldtraffic.qld.gov.au/v2/events/828649"", ""image"": null, ""event_type"": ""Special event"", ""event_subtype"": ""N/A"", ""event_due_to"": null, ""impact"": {""direction"": ""All directions"", ""towards"": null, ""impact_type"": ""Closures"", ""impact_subtype"": ""Road closed to all traffic"", ""delay"": """"}, ""duration"": {""start"": ""2026-09-19T05:00:00+10:00"", ""end"": ""2026-09-19T14:00:00+10:00"", ""active_days"": null, ""recurrences"": null}, ""event_priority"": ""Medium"", ""description"": ""Grand Central Floral Parade"", ""advice"": ""Changed traffic conditions"", ""information"": null, ""road_summary"": {""road_name"": ""Eton Street / Phillip Street / Herries Street"", ""locality"": ""East Toowoomba"", ""postcode"": ""4350"", ""local_government_area"": ""Toowoomba Regional"", ""district"": ""Darling Downs""}, ""last_updated"": ""2026-09-19T07:20:02.302807+10:00"", ""next_inspection"": null, ""web_link"": ""https://tcof.com.au/wp-content/uploads/2026/08/Parade-Road-Closure-Map-2026.pdf"", ""alert_message"": null}",MultiLineString,10,0.0,high,matched,"line: blocked 10 of 38 candidate edge(s) within 10m; name-confirmed=0; distance-body=10; rejected endpoint-no-bleed=4, cross/short-touch=24; no graph road-name match; used strict distance-only body matching",https://api.qldtraffic.qld.gov.au/v2/events/828649
impassable_only,qld.qldtraffic.97986a90cde9cf18fe37,qldtraffic,road_closed,impassable,active,unknown,,Hume Street / Phillip Street,East Toowoomba / Toowoomba City,Grand Central Floral Parade | Road closed to all traffic,Changed traffic conditions,828651,Changed traffic conditions,Special event,N/A,Closures,Road closed to all traffic,"{""id"": 828651, ""area_alert"": false, ""status"": ""Published"", ""published"": ""2026-09-19T05:00:00+10:00"", ""source"": {""source_name"": ""Guardian"", ""source_id"": ""822c5309-3254-4c32-bd90-3b26d7ef2090"", ""account"": ""36910"", ""provided_by"": ""Toowoomba Regional"", ""provided_by_url"": ""http://www.tr.qld.gov.au/community-business/community-safety""}, ""url"": ""https://api.qldtraffic.qld.gov.au/v2/events/828651"", ""image"": null, ""event_type"": ""Special event"", ""event_subtype"": ""N/A"", ""event_due_to"": null, ""impact"": {""direction"": ""All directions"", ""towards"": null, ""impact_type"": ""Closures"", ""impact_subtype"": ""Road closed to all traffic"", ""delay"": """"}, ""duration"": {""start"": ""2026-09-19T05:00:00+10:00"", ""end"": ""2026-09-19T14:00:00+10:00"", ""active_days"": null, ""recurrences"": null}, ""event_priority"": ""Medium"", ""description"": ""Grand Central Floral Parade"", ""advice"": ""Changed traffic conditions"", ""information"": null, ""road_summary"": {""road_name"": ""Hume Street / Phillip Street"", ""locality"": ""East Toowoomba / Toowoomba City"", ""postcode"": ""4350"", ""local_government_area"": ""Toowoomba Regional"", ""district"": ""Darling Downs""}, ""last_updated"": ""2026-09-19T07:20:03.593999+10:00"", ""next_inspection"": null, ""web_link"": ""https://tcof.com.au/wp-content/uploads/2026/08/Parade-Road-Closure-Map-2026.pdf"", ""alert_message"": null}",MultiLineString,2,0.2,high,matched,line: blocked 2 of 12 candidate edge(s) within 10m; name-confirmed=0; distance-body=2; rejected cross/short-touch=10; no graph road-name match; used strict distance-only body matching,https://api.qldtraffic.qld.gov.au/v2/events/828651
impassable_only,qld.qldtraffic.c218fbd81c17f6061ef2,qldtraffic,road_closed,impassable,active,unknown,,A3 / Garget Street / Phillip Street,East Toowoomba,Grand Central Floral Parade | Road closed to all traffic,Changed traffic conditions,828653,Changed traffic conditions,Special event,N/A,Closures,Road closed to all traffic,"{""id"": 828653, ""area_alert"": false, ""status"": ""Published"", ""published"": ""2026-09-19T05:00:00+10:00"", ""source"": {""source_name"": ""Guardian"", ""source_id"": ""655d997a-8fef-4ecf-bf8c-2fe0d15d49e4"", ""account"": ""36910"", ""provided_by"": ""Toowoomba Regional"", ""provided_by_url"": ""http://www.tr.qld.gov.au/community-business/community-safety""}, ""url"": ""https://api.qldtraffic.qld.gov.au/v2/events/828653"", ""image"": null, ""event_type"": ""Special event"", ""event_subtype"": ""N/A"", ""event_due_to"": null, ""impact"": {""direction"": ""All directions"", ""towards"": null, ""impact_type"": ""Closures"", ""impact_subtype"": ""Road closed to all traffic"", ""delay"": """"}, ""duration"": {""start"": ""2026-09-19T05:00:00+10:00"", ""end"": ""2026-09-19T14:00:00+10:00"", ""active_days"": null, ""recurrences"": null}, ""event_priority"": ""Medium"", ""description"": ""Grand Central Floral Parade"", ""advice"": ""Changed traffic conditions"", ""information"": null, ""road_summary"": {""road_name"": ""A3 / Garget Street / Phillip Street"", ""locality"": ""East Toowoomba"", ""postcode"": ""4350"", ""local_government_area"": ""Toowoomba Regional"", ""district"": ""Darling Downs""}, ""last_updated"": ""2026-09-19T07:22:01.796472+10:00"", ""next_inspection"": null, ""web_link"": ""https://tcof.com.au/wp-content/uploads/2026/08/Parade-Road-Closure-Map-2026.pdf"", ""alert_message"": null}",MultiLineString,10,0.0,high,matched,"line: blocked 10 of 40 candidate edge(s) within 10m; name-confirmed=0; distance-body=10; rejected endpoint-no-bleed=4, cross/short-touch=26; no graph road-name match; used strict distance-only body matching",https://api.qldtraffic.qld.gov.au/v2/events/828653
impassable_only,qld.qldtraffic.4bf822992c74186d253c,qldtraffic,road_closed,impassable,active,unknown,,Herries Street / Garget Street,East Toowoomba / Toowoomba City,Grand Central Floral Parade | Road closed to all traffic,Changed traffic conditions,828654,Changed traffic conditions,Special event,N/A,Closures,Road closed to all traffic,"{""id"": 828654, ""area_alert"": false, ""status"": ""Published"", ""published"": ""2026-09-19T05:00:00+10:00"", ""source"": {""source_name"": ""Guardian"", ""source_id"": ""d9f69d4d-5978-483f-bee5-008bdceb4f96"", ""account"": ""36910"", ""provided_by"": ""Toowoomba Regional"", ""provided_by_url"": ""http://www.tr.qld.gov.au/community-business/community-safety""}, ""url"": ""https://api.qldtraffic.qld.gov.au/v2/events/828654"", ""image"": null, ""event_type"": ""Special event"", ""event_subtype"": ""N/A"", ""event_due_to"": null, ""impact"": {""direction"": ""All directions"", ""towards"": null, ""impact_type"": ""Closures"", ""impact_subtype"": ""Road closed to all traffic"", ""delay"": """"}, ""duration"": {""start"": ""2026-09-19T05:00:00+10:00"", ""end"": ""2026-09-19T14:00:00+10:00"", ""active_days"": null, ""recurrences"": null}, ""event_priority"": ""Medium"", ""description"": ""Grand Central Floral Parade"", ""advice"": ""Changed traffic conditions"", ""information"": null, ""road_summary"": {""road_name"": ""Herries Street / Garget Street"", ""locality"": ""East Toowoomba / Toowoomba City"", ""postcode"": ""4350"", ""local_government_area"": ""Toowoomba Regional"", ""district"": ""Darling Downs""}, ""last_updated"": ""2026-09-19T07:22:03.059591+10:00"", ""next_inspection"": null, ""web_link"": ""https://tcof.com.au/wp-content/uploads/2026/08/Parade-Road-Closure-Map-2026.pdf"", ""alert_message"": null}",MultiLineString,8,0.0,high,matched,"line: blocked 8 of 36 candidate edge(s) within 10m; name-confirmed=0; distance-body=8; rejected endpoint-no-bleed=4, cross/short-touch=24; no graph road-name match; used strict distance-only body matching",https://api.qldtraffic.qld.gov.au/v2/events/828654
impassable_only,qld.qldtraffic.77d000e31239e58f3143,qldtraffic,road_closed,impassable,active,unknown,,Garget Street / Herries Street,East Toowoomba,Grand Central Floral Parade | Road closed to all traffic,Changed traffic conditions,828656,Changed traffic conditions,Special event,N/A,Closures,Road closed to all traffic,"{""id"": 828656, ""area_alert"": false, ""status"": ""Published"", ""published"": ""2026-09-19T05:00:00+10:00"", ""source"": {""source_name"": ""Guardian"", ""source_id"": ""806e68bf-69c7-403a-baa5-68ff0b289b3c"", ""account"": ""36910"", ""provided_by"": ""Toowoomba Regional"", ""provided_by_url"": ""http://www.tr.qld.gov.au/community-business/community-safety""}, ""url"": ""https://api.qldtraffic.qld.gov.au/v2/events/828656"", ""image"": null, ""event_type"": ""Special event"", ""event_subtype"": ""N/A"", ""event_due_to"": null, ""impact"": {""direction"": ""All directions"", ""towards"": null, ""impact_type"": ""Closures"", ""impact_subtype"": ""Road closed to all traffic"", ""delay"": """"}, ""duration"": {""start"": ""2026-09-19T05:00:00+10:00"", ""end"": ""2026-09-19T14:00:00+10:00"", ""active_days"": null, ""recurrences"": null}, ""event_priority"": ""Medium"", ""description"": ""Grand Central Floral Parade"", ""advice"": ""Changed traffic conditions"", ""information"": null, ""road_summary"": {""road_name"": ""Garget Street / Herries Street"", ""locality"": ""East Toowoomba"", ""postcode"": ""4350"", ""local_government_area"": ""Toowoomba Regional"", ""district"": ""Darling Downs""}, ""last_updated"": ""2026-09-19T07:22:04.910058+10:00"", ""next_inspection"": null, ""web_link"": ""https://tcof.com.au/wp-content/uploads/2026/08/Parade-Road-Closure-Map-2026.pdf"", ""alert_message"": null}",MultiLineString,2,0.0,high,matched,"line: blocked 2 of 8 candidate edge(s) within 10m; name-confirmed=0; distance-body=2; rejected endpoint-no-bleed=2, cross/short-touch=4; no graph road-name match; used strict distance-only body matching",https://api.qldtraffic.qld.gov.au/v2/events/828656
impassable_only,qld.qldtraffic.165d0d3247a2eff86e34,qldtraffic,road_closed,impassable,active,unknown,,Phillip Street / Geddes Street,East Toowoomba,Grand Central Floral Parade | Road closed to all traffic,Changed traffic conditions,828657,Changed traffic conditions,Special event,N/A,Closures,Road closed to all traffic,"{""id"": 828657, ""area_alert"": false, ""status"": ""Published"", ""published"": ""2026-09-19T05:00:00+10:00"", ""source"": {""source_name"": ""Guardian"", ""source_id"": ""b6891e12-f26f-442c-a67b-9ed193629a26"", ""account"": ""36910"", ""provided_by"": ""Toowoomba Regional"", ""provided_by_url"": ""http://www.tr.qld.gov.au/community-business/community-safety""}, ""url"": ""https://api.qldtraffic.qld.gov.au/v2/events/828657"", ""image"": null, ""event_type"": ""Special event"", ""event_subtype"": ""N/A"", ""event_due_to"": null, ""impact"": {""direction"": ""All directions"", ""towards"": null, ""impact_type"": ""Closures"", ""impact_subtype"": ""Road closed to all traffic"", ""delay"": """"}, ""duration"": {""start"": ""2026-09-19T05:00:00+10:00"", ""end"": ""2026-09-19T14:00:00+10:00"", ""active_days"": null, ""recurrences"": null}, ""event_priority"": ""Medium"", ""description"": ""Grand Central Floral Parade"", ""advice"": ""Changed traffic conditions"", ""information"": null, ""road_summary"": {""road_name"": ""Phillip Street / Geddes Street"", ""locality"": ""East Toowoomba"", ""postcode"": ""4350"", ""local_government_area"": ""Toowoomba Regional"", ""district"": ""Darling Downs""}, ""last_updated"": ""2026-09-19T07:22:06.97477+10:00"", ""next_inspection"": null, ""web_link"": ""https://tcof.com.au/wp-content/uploads/2026/08/Parade-Road-Closure-Map-2026.pdf"", ""alert_message"": null}",MultiLineString,2,0.0,high,matched,line: blocked 2 of 6 candidate edge(s) within 10m; name-confirmed=0; distance-body=2; rejected cross/short-touch=4; no graph road-name match; used strict distance-only body matching,https://api.qldtraffic.qld.gov.au/v2/events/828657
impassable_only,qld.qldtraffic.4194af0e574619b193b3,qldtraffic,road_closed,impassable,active,unknown,,Phillip Street / Herries Street,East Toowoomba,Grand Central Floral Parade | Road closed to all traffic,Changed traffic conditions,828659,Changed traffic conditions,Special event,N/A,Closures,Road closed to all traffic,"{""id"": 828659, ""area_alert"": false, ""status"": ""Published"", ""published"": ""2026-09-19T05:00:00+10:00"", ""source"": {""source_name"": ""Guardian"", ""source_id"": ""8da7ba74-26bb-4860-a70d-3f0abc64bc0c"", ""account"": ""36910"", ""provided_by"": ""Toowoomba Regional"", ""provided_by_url"": ""http://www.tr.qld.gov.au/community-business/community-safety""}, ""url"": ""https://api.qldtraffic.qld.gov.au/v2/events/828659"", ""image"": null, ""event_type"": ""Special event"", ""event_subtype"": ""N/A"", ""event_due_to"": null, ""impact"": {""direction"": ""All directions"", ""towards"": null, ""impact_type"": ""Closures"", ""impact_subtype"": ""Road closed to all traffic"", ""delay"": """"}, ""duration"": {""start"": ""2026-09-19T05:00:00+10:00"", ""end"": ""2026-09-19T14:00:00+10:00"", ""active_days"": null, ""recurrences"": null}, ""event_priority"": ""Medium"", ""description"": ""Grand Central Floral Parade"", ""advice"": ""Changed traffic conditions"", ""information"": null, ""road_summary"": {""road_name"": ""Phillip Street / Herries Street"", ""locality"": ""East Toowoomba"", ""postcode"": ""4350"", ""local_government_area"": ""Toowoomba Regional"", ""district"": ""Darling Downs""}, ""last_updated"": ""2026-09-19T07:22:08.151504+10:00"", ""next_inspection"": null, ""web_link"": ""https://tcof.com.au/wp-content/uploads/2026/08/Parade-Road-Closure-Map-2026.pdf"", ""alert_message"": null}",MultiLineString,2,0.0,high,matched,line: blocked 2 of 6 candidate edge(s) within 10m; name-confirmed=0; distance-body=2; rejected cross/short-touch=4; no graph road-name match; used strict distance-only body matching,https://api.qldtraffic.qld.gov.au/v2/events/828659
impassable_only,qld.qldtraffic.728e6c0f2bd5a3e51b3c,qldtraffic,road_closed,impassable,active,unknown,,Victor Street / Herries Street,East Toowoomba,Grand Central Floral Parade | Road closed to all traffic,Changed traffic conditions,828660,Changed traffic conditions,Special event,N/A,Closures,Road closed to all traffic,"{""id"": 828660, ""area_alert"": false, ""status"": ""Published"", ""published"": ""2026-09-19T05:00:00+10:00"", ""source"": {""source_name"": ""Guardian"", ""source_id"": ""1ad372f0-43de-4193-98d5-aee011fcbe3a"", ""account"": ""36910"", ""provided_by"": ""Toowoomba Regional"", ""provided_by_url"": ""http://www.tr.qld.gov.au/community-business/community-safety""}, ""url"": ""https://api.qldtraffic.qld.gov.au/v2/events/828660"", ""image"": null, ""event_type"": ""Special event"", ""event_subtype"": ""N/A"", ""event_due_to"": null, ""impact"": {""direction"": ""All directions"", ""towards"": null, ""impact_type"": ""Closures"", ""impact_subtype"": ""Road closed to all traffic"", ""delay"": """"}, ""duration"": {""start"": ""2026-09-19T05:00:00+10:00"", ""end"": ""2026-09-19T14:00:00+10:00"", ""active_days"": null, ""recurrences"": null}, ""event_priority"": ""Medium"", ""description"": ""Grand Central Floral Parade"", ""advice"": ""Changed traffic conditions"", ""information"": null, ""road_summary"": {""road_name"": ""Victor Street / Herries Street"", ""locality"": ""East Toowoomba"", ""postcode"": ""4350"", ""local_government_area"": ""Toowoomba Regional"", ""district"": ""Darling Downs""}, ""last_updated"": ""2026-09-19T07:22:10.985774+10:00"", ""next_inspection"": null, ""web_link"": ""https://tcof.com.au/wp-content/uploads/2026/08/Parade-Road-Closure-Map-2026.pdf"", ""alert_message"": null}",MultiLineString,2,0.0,high,matched,"line: blocked 2 of 6 candidate edge(s) within 10m; name-confirmed=0; distance-body=2; rejected endpoint-no-bleed=2, cross/short-touch=2; no graph road-name match; used strict distance-only body matching",https://api.qldtraffic.qld.gov.au/v2/events/828660
impassable_only,qld.qldtraffic.37f73de3847c810fe630,qldtraffic,road_closed,impassable,active,unknown,,Hume Street / Phillip Street,East Toowoomba / Toowoomba City,Grand Central Floral Parade | Road closed to all traffic,Changed traffic conditions,828661,Changed traffic conditions,Special event,N/A,Closures,Road closed to all traffic,"{""id"": 828661, ""area_alert"": false, ""status"": ""Published"", ""published"": ""2026-09-19T05:00:00+10:00"", ""source"": {""source_name"": ""Guardian"", ""source_id"": ""c2ba46c3-574f-4ae0-8402-d81e4341b3b9"", ""account"": ""36910"", ""provided_by"": ""Toowoomba Regional"", ""provided_by_url"": ""http://www.tr.qld.gov.au/community-business/community-safety""}, ""url"": ""https://api.qldtraffic.qld.gov.au/v2/events/828661"", ""image"": null, ""event_type"": ""Special event"", ""event_subtype"": ""N/A"", ""event_due_to"": null, ""impact"": {""direction"": ""All directions"", ""towards"": null, ""impact_type"": ""Closures"", ""impact_subtype"": ""Road closed to all traffic"", ""delay"": """"}, ""duration"": {""start"": ""2026-09-19T05:00:00+10:00"", ""end"": ""2026-09-19T14:00:00+10:00"", ""active_days"": null, ""recurrences"": null}, ""event_priority"": ""Medium"", ""description"": ""Grand Central Floral Parade"", ""advice"": ""Changed traffic conditions"", ""information"": null, ""road_summary"": {""road_name"": ""Hume Street / Phillip Street"", ""locality"": ""East Toowoomba / Toowoomba City"", ""postcode"": ""4350"", ""local_government_area"": ""Toowoomba Regional"", ""district"": ""Darling Downs""}, ""last_updated"": ""2026-09-19T07:06:04.479375+10:00"", ""next_inspection"": null, ""web_link"": ""https://tcof.com.au/wp-content/uploads/2026/08/Parade-Road-Closure-Map-2026.pdf"", ""alert_message"": null}",MultiLineString,2,0.0,high,matched,line: blocked 2 of 10 candidate edge(s) within 10m; name-confirmed=0; distance-body=2; rejected cross/short-touch=8; no graph road-name match; used strict distance-only body matching,https://api.qldtraffic.qld.gov.au/v2/events/828661
impassable_only,qld.qldtraffic.c7bedcf439dc175f28d0,qldtraffic,road_closed,impassable,active,unknown,,Tell Street / William Street,East Toowoomba,Grand Central Floral Parade | Road closed to all traffic,Changed traffic conditions,828662,Changed traffic conditions,Special event,N/A,Closures,Road closed to all traffic,"{""id"": 828662, ""area_alert"": false, ""status"": ""Published"", ""published"": ""2026-09-19T05:00:00+10:00"", ""source"": {""source_name"": ""Guardian"", ""source_id"": ""6adf909b-fd36-4b52-a2af-61a8f1e6e745"", ""account"": ""36910"", ""provided_by"": ""Toowoomba Regional"", ""provided_by_url"": ""http://www.tr.qld.gov.au/community-business/community-safety""}, ""url"": ""https://api.qldtraffic.qld.gov.au/v2/events/828662"", ""image"": null, ""event_type"": ""Special event"", ""event_subtype"": ""N/A"", ""event_due_to"": null, ""impact"": {""direction"": ""All directions"", ""towards"": null, ""impact_type"": ""Closures"", ""impact_subtype"": ""Road closed to all traffic"", ""delay"": """"}, ""duration"": {""start"": ""2026-09-19T05:00:00+10:00"", ""end"": ""2026-09-19T14:00:00+10:00"", ""active_days"": null, ""recurrences"": null}, ""event_priority"": ""Medium"", ""description"": ""Grand Central Floral Parade"", ""advice"": ""Changed traffic conditions"", ""information"": null, ""road_summary"": {""road_name"": ""Tell Street / William Street"", ""locality"": ""East Toowoomba"", ""postcode"": ""4350"", ""local_government_area"": ""Toowoomba Regional"", ""district"": ""Darling Downs""}, ""last_updated"": ""2026-09-19T07:06:06.288349+10:00"", ""next_inspection"": null, ""web_link"": ""https://tcof.com.au/wp-content/uploads/2026/08/Parade-Road-Closure-Map-2026.pdf"", ""alert_message"": null}",MultiLineString,2,2.0,high,matched,line: blocked 2 of 4 candidate edge(s) within 10m; name-confirmed=0; distance-body=2; rejected cross/short-touch=2; no graph road-name match; used strict distance-only body matching,https://api.qldtraffic.qld.gov.au/v2/events/828662
impassable_only,qld.qldtraffic.3ccc86d1395849acd8dc,qldtraffic,road_closed,impassable,active,unknown,,A3 / Phillip Street,East Toowoomba,Grand Central Floral Parade | Road closed to all traffic,Changed traffic conditions,828663,Changed traffic conditions,Special event,N/A,Closures,Road closed to all traffic,"{""id"": 828663, ""area_alert"": false, ""status"": ""Published"", ""published"": ""2026-09-19T05:00:00+10:00"", ""source"": {""source_name"": ""Guardian"", ""source_id"": ""1d81cf0d-9b7b-433c-9540-90a69e682d9d"", ""account"": ""36910"", ""provided_by"": ""Toowoomba Regional"", ""provided_by_url"": ""http://www.tr.qld.gov.au/community-business/community-safety""}, ""url"": ""https://api.qldtraffic.qld.gov.au/v2/events/828663"", ""image"": null, ""event_type"": ""Special event"", ""event_subtype"": ""N/A"", ""event_due_to"": null, ""impact"": {""direction"": ""All directions"", ""towards"": null, ""impact_type"": ""Closures"", ""impact_subtype"": ""Road closed to all traffic"", ""delay"": """"}, ""duration"": {""start"": ""2026-09-19T05:00:00+10:00"", ""end"": ""2026-09-19T14:00:00+10:00"", ""active_days"": null, ""recurrences"": null}, ""event_priority"": ""Medium"", ""description"": ""Grand Central Floral Parade"", ""advice"": ""Changed traffic conditions"", ""information"": null, ""road_summary"": {""road_name"": ""A3 / Phillip Street"", ""locality"": ""East Toowoomba"", ""postcode"": ""4350"", ""local_government_area"": ""Toowoomba Regional"", ""district"": ""Darling Downs""}, ""last_updated"": ""2026-09-19T07:04:01.445532+10:00"", ""next_inspection"": null, ""web_link"": ""https://tcof.com.au/wp-content/uploads/2026/08/Parade-Road-Closure-Map-2026.pdf"", ""alert_message"": null}",MultiLineString,4,0.0,high,matched,line: blocked 4 of 14 candidate edge(s) within 10m; name-confirmed=0; distance-body=4; rejected cross/short-touch=10; no graph road-name match; used strict distance-only body matching,https://api.qldtraffic.qld.gov.au/v2/events/828663
impassable_only,qld.qldtraffic.275c7593a4a0274b42d5,qldtraffic,road_closed,impassable,active,unknown,,Hume Street / Kitchener Street / Phillip Street,East Toowoomba / Toowoomba City,Grand Central Floral Parade | Road closed to all traffic,Changed traffic conditions,828665,Changed traffic conditions,Special event,N/A,Closures,Road closed to all traffic,"{""id"": 828665, ""area_alert"": false, ""status"": ""Published"", ""published"": ""2026-09-19T05:00:00+10:00"", ""source"": {""source_name"": ""Guardian"", ""source_id"": ""5dfa4017-4ce4-4788-8185-6369b3aebf01"", ""account"": ""36910"", ""provided_by"": ""Toowoomba Regional"", ""provided_by_url"": ""http://www.tr.qld.gov.au/community-business/community-safety""}, ""url"": ""https://api.qldtraffic.qld.gov.au/v2/events/828665"", ""image"": null, ""event_type"": ""Special event"", ""event_subtype"": ""N/A"", ""event_due_to"": null, ""impact"": {""direction"": ""All directions"", ""towards"": null, ""impact_type"": ""Closures"", ""impact_subtype"": ""Road closed to all traffic"", ""delay"": """"}, ""duration"": {""start"": ""2026-09-19T05:00:00+10:00"", ""end"": ""2026-09-19T14:00:00+10:00"", ""active_days"": null, ""recurrences"": null}, ""event_priority"": ""Medium"", ""description"": ""Grand Central Floral Parade"", ""advice"": ""Changed traffic conditions"", ""information"": null, ""road_summary"": {""road_name"": ""Hume Street / Kitchener Street / Phillip Street"", ""locality"": ""East Toowoomba / Toowoomba City"", ""postcode"": ""4350"", ""local_government_area"": ""Toowoomba Regional"", ""district"": ""Darling Downs""}, ""last_updated"": ""2026-09-19T07:04:02.747338+10:00"", ""next_inspection"": null, ""web_link"": ""https://tcof.com.au/wp-content/uploads/2026/08/Parade-Road-Closure-Map-2026.pdf"", ""alert_message"": null}",MultiLineString,4,0.0,high,matched,line: blocked 4 of 14 candidate edge(s) within 10m; name-confirmed=0; distance-body=4; rejected cross/short-touch=10; no graph road-name match; used strict distance-only body matching,https://api.qldtraffic.qld.gov.au/v2/events/828665
impassable_only,qld.qldtraffic.0e14c2353053541b19dd,qldtraffic,road_closed,impassable,active,unknown,,Phillip Street / Kitchener Street / Herries Street,East Toowoomba,Grand Central Floral Parade | Road closed to all traffic,Changed traffic conditions,828667,Changed traffic conditions,Special event,N/A,Closures,Road closed to all traffic,"{""id"": 828667, ""area_alert"": false, ""status"": ""Published"", ""published"": ""2026-09-19T05:00:00+10:00"", ""source"": {""source_name"": ""Guardian"", ""source_id"": ""565b78bb-e39b-4c25-ac0f-5f26e8ab91ca"", ""account"": ""36910"", ""provided_by"": ""Toowoomba Regional"", ""provided_by_url"": ""http://www.tr.qld.gov.au/community-business/community-safety""}, ""url"": ""https://api.qldtraffic.qld.gov.au/v2/events/828667"", ""image"": null, ""event_type"": ""Special event"", ""event_subtype"": ""N/A"", ""event_due_to"": null, ""impact"": {""direction"": ""All directions"", ""towards"": null, ""impact_type"": ""Closures"", ""impact_subtype"": ""Road closed to all traffic"", ""delay"": """"}, ""duration"": {""start"": ""2026-09-19T05:00:00+10:00"", ""end"": ""2026-09-19T14:00:00+10:00"", ""active_days"": null, ""recurrences"": null}, ""event_priority"": ""Medium"", ""description"": ""Grand Central Floral Parade"", ""advice"": ""Changed traffic conditions"", ""information"": null, ""road_summary"": {""road_name"": ""Phillip Street / Kitchener Street / Herries Street"", ""locality"": ""East Toowoomba"", ""postcode"": ""4350"", ""local_government_area"": ""Toowoomba Regional"", ""district"": ""Darling Downs""}, ""last_updated"": ""2026-09-19T07:04:04.446849+10:00"", ""next_inspection"": null, ""web_link"": ""https://tcof.com.au/wp-content/uploads/2026/08/Parade-Road-Closure-Map-2026.pdf"", ""alert_message"": null}",MultiLineString,4,0.0,high,matched,line: blocked 4 of 16 candidate edge(s) within 10m; name-confirmed=0; distance-body=4; rejected cross/short-touch=12; no graph road-name match; used strict distance-only body matching,https://api.qldtraffic.qld.gov.au/v2/events/828667
impassable_only,qld.qldtraffic.5030c29b08881cde69dd,qldtraffic,road_closed,impassable,active,unknown,,Culver Lane / Kitchener Street,East Toowoomba,Grand Central Floral Parade | Road closed to all traffic,Changed traffic conditions,828668,Changed traffic conditions,Special event,N/A,Closures,Road closed to all traffic,"{""id"": 828668, ""area_alert"": false, ""status"": ""Published"", ""published"": ""2026-09-19T05:00:00+10:00"", ""source"": {""source_name"": ""Guardian"", ""source_id"": ""a5df8b45-2ade-47fd-9619-5e5056a1888e"", ""account"": ""36910"", ""provided_by"": ""Toowoomba Regional"", ""provided_by_url"": ""http://www.tr.qld.gov.au/community-business/community-safety""}, ""url"": ""https://api.qldtraffic.qld.gov.au/v2/events/828668"", ""image"": null, ""event_type"": ""Special event"", ""event_subtype"": ""N/A"", ""event_due_to"": null, ""impact"": {""direction"": ""All directions"", ""towards"": null, ""impact_type"": ""Closures"", ""impact_subtype"": ""Road closed to all traffic"", ""delay"": """"}, ""duration"": {""start"": ""2026-09-19T05:00:00+10:00"", ""end"": ""2026-09-19T14:00:00+10:00"", ""active_days"": null, ""recurrences"": null}, ""event_priority"": ""Medium"", ""description"": ""Grand Central Floral Parade"", ""advice"": ""Changed traffic conditions"", ""information"": null, ""road_summary"": {""road_name"": ""Culver Lane / Kitchener Street"", ""locality"": ""East Toowoomba"", ""postcode"": ""4350"", ""local_government_area"": ""Toowoomba Regional"", ""district"": ""Darling Downs""}, ""last_updated"": ""2026-09-19T07:04:06.24487+10:00"", ""next_inspection"": null, ""web_link"": ""https://tcof.com.au/wp-content/uploads/2026/08/Parade-Road-Closure-Map-2026.pdf"", ""alert_message"": null}",MultiLineString,2,0.6,high,matched,line: blocked 2 of 8 candidate edge(s) within 10m; name-confirmed=0; distance-body=2; rejected cross/short-touch=6; no graph road-name match; used strict distance-only body matching,https://api.qldtraffic.qld.gov.au/v2/events/828668
impassable_only,qld.qldtraffic.d2e454e8a8f04bbf9c0c,qldtraffic,road_closed,impassable,active,unknown,,Godsall Street / Lawson Lane / Hume Street / Godsall Street,East Toowoomba,Grand Central Floral Parade | Road closed to all traffic,Changed traffic conditions,828670,Changed traffic conditions,Special event,N/A,Closures,Road closed to all traffic,"{""id"": 828670, ""area_alert"": false, ""status"": ""Published"", ""published"": ""2026-09-19T05:00:00+10:00"", ""source"": {""source_name"": ""Guardian"", ""source_id"": ""9fe749b7-efb4-4779-a432-37bf25d81ff9"", ""account"": ""36910"", ""provided_by"": ""Toowoomba Regional"", ""provided_by_url"": ""http://www.tr.qld.gov.au/community-business/community-safety""}, ""url"": ""https://api.qldtraffic.qld.gov.au/v2/events/828670"", ""image"": null, ""event_type"": ""Special event"", ""event_subtype"": ""N/A"", ""event_due_to"": null, ""impact"": {""direction"": ""All directions"", ""towards"": null, ""impact_type"": ""Closures"", ""impact_subtype"": ""Road closed to all traffic"", ""delay"": """"}, ""duration"": {""start"": ""2026-09-19T05:00:00+10:00"", ""end"": ""2026-09-19T14:00:00+10:00"", ""active_days"": null, ""recurrences"": null}, ""event_priority"": ""Medium"", ""description"": ""Grand Central Floral Parade"", ""advice"": ""Changed traffic conditions"", ""information"": null, ""road_summary"": {""road_name"": ""Godsall Street / Lawson Lane / Hume Street / Godsall Street"", ""locality"": ""East Toowoomba"", ""postcode"": ""4350"", ""local_government_area"": ""Toowoomba Regional"", ""district"": ""Darling Downs""}, ""last_updated"": ""2026-09-19T07:02:02.454676+10:00"", ""next_inspection"": null, ""web_link"": ""https://tcof.com.au/wp-content/uploads/2026/08/Parade-Road-Closure-Map-2026.pdf"", ""alert_message"": null}",MultiLineString,6,0.0,high,matched,line: blocked 2 of 6 candidate edge(s) within 10m; name-confirmed=0; distance-body=2; rejected cross/short-touch=4; no graph road-name match; used strict distance-only body matching; line: blocked 4 of 10 candidate edge(s) within 10m; name-confirmed=0; distance-body=4; rejected cross/short-touch=6; no graph road-name match; used strict distance-only body matching,https://api.qldtraffic.qld.gov.au/v2/events/828670
impassable_only,qld.qldtraffic.7729d6136b1aa3dc61e7,qldtraffic,road_closed,impassable,active,unknown,,Hume Street / Eleanor Street,East Toowoomba / Toowoomba City,Grand Central Floral Parade | Road closed to all traffic,Changed traffic conditions,828671,Changed traffic conditions,Special event,N/A,Closures,Road closed to all traffic,"{""id"": 828671, ""area_alert"": false, ""status"": ""Published"", ""published"": ""2026-09-19T05:00:00+10:00"", ""source"": {""source_name"": ""Guardian"", ""source_id"": ""3c8942cc-a573-492a-8b14-0992e021ece3"", ""account"": ""36910"", ""provided_by"": ""Toowoomba Regional"", ""provided_by_url"": ""http://www.tr.qld.gov.au/community-business/community-safety""}, ""url"": ""https://api.qldtraffic.qld.gov.au/v2/events/828671"", ""image"": null, ""event_type"": ""Special event"", ""event_subtype"": ""N/A"", ""event_due_to"": null, ""impact"": {""direction"": ""All directions"", ""towards"": null, ""impact_type"": ""Closures"", ""impact_subtype"": ""Road closed to all traffic"", ""delay"": """"}, ""duration"": {""start"": ""2026-09-19T05:00:00+10:00"", ""end"": ""2026-09-19T14:00:00+10:00"", ""active_days"": null, ""recurrences"": null}, ""event_priority"": ""Medium"", ""description"": ""Grand Central Floral Parade"", ""advice"": ""Changed traffic conditions"", ""information"": null, ""road_summary"": {""road_name"": ""Hume Street / Eleanor Street"", ""locality"": ""East Toowoomba / Toowoomba City"", ""postcode"": ""4350"", ""local_government_area"": ""Toowoomba Regional"", ""district"": ""Darling Downs""}, ""last_updated"": ""2026-09-19T07:02:03.565708+10:00"", ""next_inspection"": null, ""web_link"": ""https://tcof.com.au/wp-content/uploads/2026/08/Parade-Road-Closure-Map-2026.pdf"", ""alert_message"": null}",MultiLineString,4,0.0,high,matched,line: blocked 4 of 10 candidate edge(s) within 10m; name-confirmed=0; distance-body=4; rejected cross/short-touch=6; no graph road-name match; used strict distance-only body matching,https://api.qldtraffic.qld.gov.au/v2/events/828671
impassable_only,qld.qldtraffic.b64f4eda5c1306f74c5a,qldtraffic,road_closed,impassable,active,unknown,,Campbell Street / Eleanor Street / Eleanor Street,East Toowoomba,Grand Central Floral Parade | Road closed to all traffic,Changed traffic conditions,828672,Changed traffic conditions,Special event,N/A,Closures,Road closed to all traffic,"{""id"": 828672, ""area_alert"": false, ""status"": ""Published"", ""published"": ""2026-09-19T05:00:00+10:00"", ""source"": {""source_name"": ""Guardian"", ""source_id"": ""d5dfb372-0e87-48f4-bff6-0c9c79302ddc"", ""account"": ""36910"", ""provided_by"": ""Toowoomba Regional"", ""provided_by_url"": ""http://www.tr.qld.gov.au/community-business/community-safety""}, ""url"": ""https://api.qldtraffic.qld.gov.au/v2/events/828672"", ""image"": null, ""event_type"": ""Special event"", ""event_subtype"": ""N/A"", ""event_due_to"": null, ""impact"": {""direction"": ""All directions"", ""towards"": null, ""impact_type"": ""Closures"", ""impact_subtype"": ""Road closed to all traffic"", ""delay"": """"}, ""duration"": {""start"": ""2026-09-19T05:00:00+10:00"", ""end"": ""2026-09-19T14:00:00+10:00"", ""active_days"": null, ""recurrences"": null}, ""event_priority"": ""Medium"", ""description"": ""Grand Central Floral Parade"", ""advice"": ""Changed traffic conditions"", ""information"": null, ""road_summary"": {""road_name"": ""Campbell Street / Eleanor Street / Eleanor Street"", ""locality"": ""East Toowoomba"", ""postcode"": ""4350"", ""local_government_area"": ""Toowoomba Regional"", ""district"": ""Darling Downs""}, ""last_updated"": ""2026-09-19T07:02:06.42809+10:00"", ""next_inspection"": null, ""web_link"": ""https://tcof.com.au/wp-content/uploads/2026/08/Parade-Road-Closure-Map-2026.pdf"", ""alert_message"": null}",MultiLineString,6,0.0,high,matched,"line: blocked 4 of 14 candidate edge(s) within 10m; name-confirmed=0; distance-body=4; rejected cross/short-touch=10; no graph road-name match; used strict distance-only body matching; line: blocked 2 of 10 candidate edge(s) within 10m; name-confirmed=0; distance-body=2; rejected endpoint-no-bleed=2, cross/short-touch=6; no graph road-name match; used strict distance-only body matching",https://api.qldtraffic.qld.gov.au/v2/events/828672
impassable_only,qld.qldtraffic.9fa2b9fd072f6f609837,qldtraffic,road_closed,impassable,active,unknown,,Hume Street,East Toowoomba / Toowoomba City,"From Herries Street to Thomas Street
Grand Central Floral Parade | Road closed to all traffic",Use alternative route,828983,Use alternative route,Special event,N/A,Closures,Road closed to all traffic,"{""id"": 828983, ""area_alert"": false, ""status"": ""Published"", ""published"": ""2026-09-19T08:20:00+10:00"", ""source"": {""source_name"": ""EPS"", ""source_id"": null, ""account"": null, ""provided_by"": ""Department of Transport and Main Roads"", ""provided_by_url"": ""https://qldtraffic.qld.gov.au""}, ""url"": ""https://api.qldtraffic.qld.gov.au/v2/events/828983"", ""image"": null, ""event_type"": ""Special event"", ""event_subtype"": ""N/A"", ""event_due_to"": null, ""impact"": {""direction"": ""All directions"", ""towards"": null, ""impact_type"": ""Closures"", ""impact_subtype"": ""Road closed to all traffic"", ""delay"": null}, ""duration"": {""start"": ""2026-09-19T08:20:00+10:00"", ""end"": ""2026-09-19T14:00:00+10:00"", ""active_days"": null, ""recurrences"": null}, ""event_priority"": ""High"", ""description"": ""From Herries Street to Thomas Street\nGrand Central Floral Parade"", ""advice"": ""Use alternative route"", ""information"": null, ""road_summary"": {""road_name"": ""Hume Street"", ""locality"": ""East Toowoomba / Toowoomba City"", ""postcode"": ""4350"", ""local_government_area"": ""Toowoomba Regional"", ""district"": ""Darling Downs""}, ""last_updated"": ""2026-09-19T08:47:14.505181+10:00"", ""next_inspection"": null, ""web_link"": null, ""alert_message"": null}",MultiLineString,66,0.0,high,matched,"line: blocked 66 of 144 candidate edge(s) within 10m; name-confirmed=0; distance-body=66; rejected endpoint-no-bleed=4, cross/short-touch=72, angle-mismatch=2; no graph road-name match; used strict distance-only body matching",https://api.qldtraffic.qld.gov.au/v2/events/828983
impassable_only,qld.qldtraffic.8ee37cbbacb578f40d94,qldtraffic,road_closed,impassable,active,unknown,,Ruthven Street,Toowoomba City,"From Margaret Steet to Joseph Street
Grand Central Floral Parade | Road closed to all traffic",Use alternative route,828985,Use alternative route,Special event,N/A,Closures,Road closed to all traffic,"{""id"": 828985, ""area_alert"": false, ""status"": ""Published"", ""published"": ""2026-09-19T08:26:00+10:00"", ""source"": {""source_name"": ""EPS"", ""source_id"": null, ""account"": null, ""provided_by"": ""Department of Transport and Main Roads"", ""provided_by_url"": ""https://qldtraffic.qld.gov.au""}, ""url"": ""https://api.qldtraffic.qld.gov.au/v2/events/828985"", ""image"": null, ""event_type"": ""Special event"", ""event_subtype"": ""N/A"", ""event_due_to"": null, ""impact"": {""direction"": ""All directions"", ""towards"": null, ""impact_type"": ""Closures"", ""impact_subtype"": ""Road closed to all traffic"", ""delay"": null}, ""duration"": {""start"": ""2026-09-19T08:26:00+10:00"", ""end"": ""2026-09-19T14:00:00+10:00"", ""active_days"": null, ""recurrences"": null}, ""event_priority"": ""Medium"", ""description"": ""From Margaret Steet to Joseph Street\nGrand Central Floral Parade"", ""advice"": ""Use alternative route"", ""information"": null, ""road_summary"": {""road_name"": ""Ruthven Street"", ""locality"": ""Toowoomba City"", ""postcode"": ""4350"", ""local_government_area"": ""Toowoomba Regional"", ""district"": ""Darling Downs""}, ""last_updated"": ""2026-09-19T08:48:47.486579+10:00"", ""next_inspection"": null, ""web_link"": null, ""alert_message"": null}",MultiLineString,26,0.0,high,matched,"line: blocked 26 of 60 candidate edge(s) within 10m; name-confirmed=0; distance-body=26; rejected endpoint-no-bleed=4, cross/short-touch=30; no graph road-name match; used strict distance-only body matching",https://api.qldtraffic.qld.gov.au/v2/events/828985
all_blocking,qld.qldtraffic.6bb1331859308d56b7a5,qldtraffic,road_closed,impassable,active,unknown,,Duck Creek Road,Cainbable / Kerry,Vehicle access is closed to all vehicles and will remain closed until further notice | Road closed to all traffic,Use alternative route,248797,Use alternative route,Hazard,Road damage,Closures,Road closed to all traffic,"{""id"": 248797, ""area_alert"": false, ""status"": ""Published"", ""published"": null, ""source"": {""source_name"": ""EPS"", ""source_id"": null, ""account"": null, ""provided_by"": ""Department of Transport and Main Roads"", ""provided_by_url"": ""https://qldtraffic.qld.gov.au""}, ""url"": ""https://api.qldtraffic.qld.gov.au/v2/events/248797"", ""image"": null, ""event_type"": ""Hazard"", ""event_subtype"": ""Road damage"", ""event_due_to"": null, ""impact"": {""direction"": ""All directions"", ""towards"": null, ""impact_type"": ""Closures"", ""impact_subtype"": ""Road closed to all traffic"", ""delay"": null}, ""duration"": {""start"": ""2017-09-06T09:39:00+10:00"", ""end"": null, ""active_days"": null, ""recurrences"": null}, ""event_priority"": ""Low"", ""description"": ""Vehicle access is closed to all vehicles and will remain closed until further notice "", ""advice"": ""Use alternative route"", ""information"": null, ""road_summary"": {""road_name"": ""Duck Creek Road"", ""locality"": ""Cainbable / Kerry"", ""postcode"": ""4285"", ""local_government_area"": ""Scenic Rim Regional"", ""district"": ""South Coast""}, ""last_updated"": ""2026-09-19T07:45:56.129232+10:00"", ""next_inspection"": null, ""web_link"": null, ""alert_message"": null}",MultiLineString,0,17.3,unmatched,unmatched,line: blocked 0 of 0 candidate edge(s) within 10m; name-confirmed=0; distance-body=0,https://api.qldtraffic.qld.gov.au/v2/events/248797
all_blocking,qld.qldtraffic.3f3213b2ed91a43e332e,qldtraffic,road_closed,impassable,active,unknown,,Black Pinch Road,Cootharaba,"Black Pinch Road, Cootharaba closed to all traffic due to landslip | Road closed to all traffic",Reduced speed limit (80km/h),452887,Reduced speed limit (80km/h),Hazard,Bridge or culvert damaged,Closures,Road closed to all traffic,"{""id"": 452887, ""area_alert"": false, ""status"": ""Published"", ""published"": null, ""source"": {""source_name"": ""Guardian"", ""source_id"": ""6bc5c2d9-47a3-41d8-9aaa-a68759574dbc"", ""account"": ""35740"", ""provided_by"": ""Noosa Shire Council"", ""provided_by_url"": ""https://www.noosa.qld.gov.au/""}, ""url"": ""https://api.qldtraffic.qld.gov.au/v2/events/452887"", ""image"": null, ""event_type"": ""Hazard"", ""event_subtype"": ""Bridge or culvert damaged"", ""event_due_to"": null, ""impact"": {""direction"": ""Both directions"", ""towards"": null, ""impact_type"": ""Closures"", ""impact_subtype"": ""Road closed to all traffic"", ""delay"": ""Long delays expected""}, ""duration"": {""start"": ""2022-02-25T14:45:00+10:00"", ""end"": null, ""active_days"": null, ""recurrences"": null}, ""event_priority"": ""Medium"", ""description"": ""Black Pinch Road, Cootharaba closed to all traffic due to landslip"", ""advice"": ""Reduced speed limit (80km/h)"", ""information"": null, ""road_summary"": {""road_name"": ""Black Pinch Road"", ""locality"": ""Cootharaba"", ""postcode"": ""4565"", ""local_government_area"": ""Noosa Shire"", ""district"": ""North Coast""}, ""last_updated"": ""2026-07-10T15:36:04.972699+10:00"", ""next_inspection"": ""2027-09-07T15:34:00+10:00"", ""web_link"": null, ""alert_message"": null}",MultiLineString,2,0.0,high,matched,line: blocked 2 of 2 candidate edge(s) within 10m; name-confirmed=0; distance-body=2; no graph road-name match; used strict distance-only body matching; line: blocked 2 of 2 candidate edge(s) within 10m; name-confirmed=0; distance-body=2; no graph road-name match; used strict distance-only body matching,https://api.qldtraffic.qld.gov.au/v2/events/452887
all_blocking,qld.qldtraffic.787db763dde750187f63,qldtraffic,road_closed,impassable,active,flood,,Dugandan Road,Bunya,Flood Damage at Bunya Crossing Reserve car park | Road closed to all traffic,Do not drive in flood waters,717127,Do not drive in flood waters,Flooding,Flash flooding,Closures,Road closed to all traffic,"{""id"": 717127, ""area_alert"": false, ""status"": ""Published"", ""published"": null, ""source"": {""source_name"": ""MBRC"", ""source_id"": ""mbrc-2ab819d0-5fcd-44b9-b160-b5d10b847f25"", ""account"": ""MBRC"", ""provided_by"": ""City of Moreton Bay"", ""provided_by_url"": ""https://www.moretonbay.qld.gov.au""}, ""url"": ""https://api.qldtraffic.qld.gov.au/v2/events/717127"", ""image"": null, ""event_type"": ""Flooding"", ""event_subtype"": ""Flash flooding"", ""event_due_to"": ""Heavy rain"", ""impact"": {""direction"": ""Both directions"", ""towards"": null, ""impact_type"": ""Closures"", ""impact_subtype"": ""Road closed to all traffic"", ""delay"": ""Long delays expected""}, ""duration"": {""start"": ""2026-05-29T01:27:00+10:00"", ""end"": null, ""active_days"": null, ""recurrences"": null}, ""event_priority"": ""Medium"", ""description"": ""Flood Damage at Bunya Crossing Reserve car park"", ""advice"": ""Do not drive in flood waters"", ""information"": null, ""road_summary"": {""road_name"": ""Dugandan Road"", ""locality"": ""Bunya"", ""postcode"": ""4055"", ""local_government_area"": ""Moreton Bay Regional"", ""district"": ""North Coast""}, ""last_updated"": ""2026-05-29T11:40:01.352716+10:00"", ""next_inspection"": null, ""web_link"": null, ""alert_message"": null}",MultiPoint,2,6.2,high,matched,point: blocked 2 edge(s) within 75m,https://api.qldtraffic.qld.gov.au/v2/events/717127
all_blocking,qld.qldtraffic.e75e3c222a276c65a5c4,qldtraffic,road_closed,impassable,active,unknown,,Barney View Road,Barney View,Observe signage | Road closed to through traffic,Observe signage,719174,Observe signage,Hazard,Road damage,Closures,Road closed to through traffic,"{""id"": 719174, ""area_alert"": false, ""status"": ""Published"", ""published"": null, ""source"": {""source_name"": ""Guardian"", ""source_id"": ""01594e52-680b-425e-9978-6fcc012c0157"", ""account"": ""36510"", ""provided_by"": ""Scenic Rim Regional Council"", ""provided_by_url"": ""http://ldcc@scenicrim.qld.gov.au ""}, ""url"": ""https://api.qldtraffic.qld.gov.au/v2/events/719174"", ""image"": null, ""event_type"": ""Hazard"", ""event_subtype"": ""Road damage"", ""event_due_to"": ""Rough surface"", ""impact"": {""direction"": ""Both directions"", ""towards"": null, ""impact_type"": ""Closures"", ""impact_subtype"": ""Road closed to through traffic"", ""delay"": ""Delays expected""}, ""duration"": {""start"": ""2025-04-03T14:10:00+10:00"", ""end"": null, ""active_days"": null, ""recurrences"": null}, ""event_priority"": ""Medium"", ""description"": null, ""advice"": ""Observe signage"", ""information"": null, ""road_summary"": {""road_name"": ""Barney View Road"", ""locality"": ""Barney View"", ""postcode"": ""4287"", ""local_government_area"": ""Scenic Rim Regional"", ""district"": ""South Coast""}, ""last_updated"": ""2026-01-08T08:48:02.179324+10:00"", ""next_inspection"": ""2025-08-01T08:00:00+10:00"", ""web_link"": null, ""alert_message"": null}",MultiPoint,2,3.2,high,matched,point: blocked 2 edge(s) within 75m,https://api.qldtraffic.qld.gov.au/v2/events/719174
all_blocking,qld.qldtraffic.6fd6e6ca1d0d46c6374b,qldtraffic,road_closed,impassable,active,flood,,Laidley Creek West Road,Mulgowie,Road Closed - Seek Alternative Route | Road closed to all traffic,Diversions are in place,750590,Diversions are in place,Hazard,Road damage,Closures,Road closed to all traffic,"{""id"": 750590, ""area_alert"": false, ""status"": ""Published"", ""published"": null, ""source"": {""source_name"": ""Guardian"", ""source_id"": ""b510d53f-f2f8-485b-81dc-ba160bf56b8c"", ""account"": ""34580"", ""provided_by"": ""Lockyer Valley Regional Council"", ""provided_by_url"": ""https://www.lockyervalley.qld.gov.au/""}, ""url"": ""https://api.qldtraffic.qld.gov.au/v2/events/750590"", ""image"": null, ""event_type"": ""Hazard"", ""event_subtype"": ""Road damage"", ""event_due_to"": ""Earlier flooding"", ""impact"": {""direction"": ""Both directions"", ""towards"": null, ""impact_type"": ""Closures"", ""impact_subtype"": ""Road closed to all traffic"", ""delay"": """"}, ""duration"": {""start"": ""2026-06-30T14:26:00+10:00"", ""end"": ""2026-11-30T14:26:00+10:00"", ""active_days"": null, ""recurrences"": null}, ""event_priority"": ""Medium"", ""description"": ""Road Closed - Seek Alternative Route"", ""advice"": ""Diversions are in place"", ""information"": null, ""road_summary"": {""road_name"": ""Laidley Creek West Road"", ""locality"": ""Mulgowie"", ""postcode"": ""4341"", ""local_government_area"": ""Lockyer Valley Regional"", ""district"": ""Darling Downs""}, ""last_updated"": ""2026-08-31T06:52:02.486745+10:00"", ""next_inspection"": null, ""web_link"": null, ""alert_message"": null}",MultiLineString,2,0.0,high,matched,line: blocked 2 of 2 candidate edge(s) within 10m; name-confirmed=0; distance-body=2; no graph road-name match; used strict distance-only body matching,https://api.qldtraffic.qld.gov.au/v2/events/750590
all_blocking,qld.qldtraffic.dcfeb6a278ce78f09d95,qldtraffic,other,unknown,active,unknown,,Grasstree Road,Middlemount,14t Maximum Load limit imposed on Culvert Structure.,Use alternative route,767632,Use alternative route,Special event,N/A,N/A,,"{""id"": 767632, ""area_alert"": false, ""status"": ""Published"", ""published"": ""2025-12-10T10:15:00+10:00"", ""source"": {""source_name"": ""Guardian"", ""source_id"": ""d3eaf504-42b9-4fb3-b0e6-2fdf170a730e"", ""account"": ""33980"", ""provided_by"": ""Isaac Regional Council"", ""provided_by_url"": ""https://www.isaac.qld.gov.au/""}, ""url"": ""https://api.qldtraffic.qld.gov.au/v2/events/767632"", ""image"": null, ""event_type"": ""Special event"", ""event_subtype"": ""N/A"", ""event_due_to"": null, ""impact"": {""direction"": ""All directions"", ""towards"": """", ""impact_type"": ""N/A"", ""impact_subtype"": """", ""delay"": ""No delays expected""}, ""duration"": {""start"": ""2025-12-10T10:15:00+10:00"", ""end"": ""2026-12-09T10:15:00+10:00"", ""active_days"": null, ""recurrences"": null}, ""event_priority"": ""Medium"", ""description"": ""14t Maximum Load limit imposed on Culvert Structure."", ""advice"": ""Use alternative route"", ""information"": null, ""road_summary"": {""road_name"": ""Grasstree Road"", ""locality"": ""Middlemount"", ""postcode"": ""4746"", ""local_government_area"": ""Isaac Regional"", ""district"": ""Mackay/Whitsunday""}, ""last_updated"": ""2025-12-10T10:12:02.439256+10:00"", ""next_inspection"": ""2026-11-10T10:10:00+10:00"", ""web_link"": """", ""alert_message"": null}",MultiPoint,2,2.7,high,matched,point: blocked 2 edge(s) within 75m,https://api.qldtraffic.qld.gov.au/v2/events/767632
all_blocking,qld.qldtraffic.92e816fe3b6cf5bd28bc,qldtraffic,road_closed,impassable,active,flood,,Dunbar Koolatah Road / Dunbar Kowanyama Road / Koolatah Access,Maramie / Yagoonya,Dunbar to Koolatah | Road closed to all traffic,Do not drive in flood waters,770764,Do not drive in flood waters,Flooding,Long-term flooding,Closures,Road closed to all traffic,"{""id"": 770764, ""area_alert"": false, ""status"": ""Published"", ""published"": null, ""source"": {""source_name"": ""EPS"", ""source_id"": null, ""account"": null, ""provided_by"": ""Department of Transport and Main Roads"", ""provided_by_url"": ""https://qldtraffic.qld.gov.au""}, ""url"": ""https://api.qldtraffic.qld.gov.au/v2/events/770764"", ""image"": null, ""event_type"": ""Flooding"", ""event_subtype"": ""Long-term flooding"", ""event_due_to"": ""Heavy rain"", ""impact"": {""direction"": ""All directions"", ""towards"": null, ""impact_type"": ""Closures"", ""impact_subtype"": ""Road closed to all traffic"", ""delay"": ""Long delays expected""}, ""duration"": {""start"": ""2025-12-27T09:16:00+10:00"", ""end"": null, ""active_days"": null, ""recurrences"": null}, ""event_priority"": ""Medium"", ""description"": ""Dunbar to Koolatah"", ""advice"": ""Do not drive in flood waters"", ""information"": null, ""road_summary"": {""road_name"": ""Dunbar Koolatah Road / Dunbar Kowanyama Road / Koolatah Access"", ""locality"": ""Maramie / Yagoonya"", ""postcode"": ""4892"", ""local_government_area"": ""Carpentaria Shire"", ""district"": ""North West""}, ""last_updated"": ""2026-09-19T07:45:06.246898+10:00"", ""next_inspection"": null, ""web_link"": null, ""alert_message"": null}",MultiLineString,16,0.0,high,matched,"line: blocked 10 of 12 candidate edge(s) within 10m; name-confirmed=0; distance-body=10; rejected cross/short-touch=2; no graph road-name match; used strict distance-only body matching; line: blocked 6 of 6 candidate edge(s) within 10m; name-confirmed=0; distance-body=6; no graph road-name match; used strict distance-only body matching; line: blocked 0 of 2 candidate edge(s) within 10m; name-confirmed=0; distance-body=0; rejected cross/short-touch=2; no graph road-name match; used strict distance-only body matching; line: blocked 2 of 6 candidate edge(s) within 10m; name-confirmed=0; distance-body=2; rejected cross/short-touch=4; no graph road-name match; used strict distance-only body matching; line: blocked 2 of 6 candidate edge(s) within 10m; name-confirmed=0; distance-body=2; rejected endpoint-no-bleed=2, cross/short-touch=2; no graph road-name match; used strict distance-only body matching",https://api.qldtraffic.qld.gov.au/v2/events/770764
all_blocking,qld.qldtraffic.0b3551e42a611966f64b,qldtraffic,road_closed,impassable,active,unknown,,Camerons Corner Road,Cameron Corner / Tibooburra,Avoid the area | Road closed to all traffic,Avoid the area,780316,Avoid the area,Hazard,Road damage,Closures,Road closed to all traffic,"{""id"": 780316, ""area_alert"": false, ""status"": ""Published"", ""published"": null, ""source"": {""source_name"": ""EPS"", ""source_id"": null, ""account"": null, ""provided_by"": ""Department of Transport and Main Roads"", ""provided_by_url"": ""https://qldtraffic.qld.gov.au""}, ""url"": ""https://api.qldtraffic.qld.gov.au/v2/events/780316"", ""image"": null, ""event_type"": ""Hazard"", ""event_subtype"": ""Road damage"", ""event_due_to"": ""Boggy conditions"", ""impact"": {""direction"": ""Both directions"", ""towards"": null, ""impact_type"": ""Closures"", ""impact_subtype"": ""Road closed to all traffic"", ""delay"": ""Delays expected""}, ""duration"": {""start"": ""2026-02-06T07:40:00+10:00"", ""end"": null, ""active_days"": null, ""recurrences"": null}, ""event_priority"": ""Medium"", ""description"": null, ""advice"": ""Avoid the area"", ""information"": null, ""road_summary"": {""road_name"": ""Camerons Corner Road"", ""locality"": ""Cameron Corner / Tibooburra"", ""postcode"": ""4492"", ""local_government_area"": ""Bulloo Shire"", ""district"": ""South West""}, ""last_updated"": ""2026-09-18T00:09:14.71502+10:00"", ""next_inspection"": null, ""web_link"": null, ""alert_message"": null}",MultiLineString,6,0.0,high,matched,"line: blocked 2 of 2 candidate edge(s) within 10m; name-confirmed=0; distance-body=2; no graph road-name match; used strict distance-only body matching; line: blocked 2 of 2 candidate edge(s) within 10m; name-confirmed=0; distance-body=2; no graph road-name match; used strict distance-only body matching; line: blocked 2 of 2 candidate edge(s) within 10m; name-confirmed=0; distance-body=2; no graph road-name match; used strict distance-only body matching; line: blocked 2 of 4 candidate edge(s) within 10m; name-confirmed=0; distance-body=2; rejected cross/short-touch=2; no graph road-name match; used strict distance-only body matching; line: blocked 2 of 2 candidate edge(s) within 10m; name-confirmed=0; distance-body=2; no graph road-name match; used strict distance-only body matching; line: blocked 2 of 2 candidate edge(s) within 10m; name-confirmed=0; distance-body=2; no graph road-name match; used strict distance-only body matching; line: blocked 2 of 2 candidate edge(s) within 10m; name-confirmed=0; distance-body=2; no graph road-name match; used strict distance-only body matching; line: blocked 2 of 2 candidate edge(s) within 10m; name-confirmed=0; distance-body=2; no graph road-name match; used strict distance-only body matching; line: blocked 2 of 2 candidate edge(s) within 10m; name-confirmed=0; distance-body=2; no graph road-name match; used strict distance-only body matching; line: blocked 2 of 2 candidate edge(s) within 10m; name-confirmed=0; distance-body=2; no graph road-name match; used strict distance-only body matching; line: blocked 2 of 2 candidate edge(s) within 10m; name-confirmed=0; distance-body=2; no graph road-name match; used strict distance-only body matching; line: blocked 2 of 2 candidate edge(s) within 10m; name-confirmed=0; distance-body=2; no graph road-name match; used strict distance-only body matching; line: blocked 2 of 2 candidate edge(s) within 10m; name-confirmed=0; distance-body=2; no graph road-name match; used strict distance-only body matching; line: blocked 2 of 2 candidate edge(s) within 10m; name-confirmed=0; distance-body=2; no graph road-name match; used strict distance-only body matching; line: blocked 2 of 2 candidate edge(s) within 10m; name-confirmed=0; distance-body=2; no graph road-name match; used strict distance-only body matching; line: blocked 2 of 2 candidate edge(s) within 10m; name-confirmed=0; distance-body=2; no graph road-name match; used strict distance-only body matching; line: blocked 2 of 2 candidate edge(s) within 10m; name-confirmed=0; distance-body=2; no graph road-name match; used strict distance-only body matching; line: blocked 2 of 2 candidate edge(s) within 10m; name-confirmed=0; distance-body=2; no graph road-name match; used strict distance-only body matching; line: blocked 2 of 2 candidate edge(s) within 10m; name-confirmed=0; distance-body=2; no graph road-name match; used strict distance-only body matching; line: blocked 2 of 2 candidate edge(s) within 10m; name-confirmed=0; distance-body=2; no graph road-name match; used strict distance-only body matching; line: blocked 2 of 2 candidate edge(s) within 10m; name-confirmed=0; distance-body=2; no graph road-name match; used strict distance-only body matching; line: blocked 2 of 2 candidate edge(s) within 10m; name-confirmed=0; distance-body=2; no graph road-name match; used strict distance-only body matching; line: blocked 2 of 2 candidate edge(s) within 10m; name-confirmed=0; distance-body=2; no graph road-name match; used strict distance-only body matching; line: blocked 2 of 2 candidate edge(s) within 10m; name-confirmed=0; distance-body=2; no graph road-name match; used strict distance-only body matching; line: blocked 2 of 2 candidate edge(s) within 10m; name-confirmed=0; distance-body=2; no graph road-name match; used strict distance-only body matching; line: blocked 2 of 2 candidate edge(s) within 10m; name-confirmed=0; distance-body=2; no graph road-name match; used strict distance-only body matching; line: blocked 2 of 2 candidate edge(s) within 10m; name-confirmed=0; distance-body=2; no graph road-name match; used strict distance-only body matching; line: blocked 2 of 2 candidate edge(s) within 10m; name-confirmed=0; distance-body=2; no graph road-name match; used strict distance-only body matching; line: blocked 2 of 2 candidate edge(s) within 10m; name-confirmed=0; distance-body=2; no graph road-name match; used strict distance-only body matching; line: blocked 2 of 2 candidate edge(s) within 10m; name-confirmed=0; distance-body=2; no graph road-name match; used strict distance-only body matching; line: blocked 2 of 2 candidate edge(s) within 10m; name-confirmed=0; distance-body=2; no graph road-name match; used strict distance-only body matching; line: blocked 2 of 2 candidate edge(s) within 10m; name-confirmed=0; distance-body=2; no graph road-name match; used strict distance-only body matching; line: blocked 2 of 2 candidate edge(s) within 10m; name-confirmed=0; distance-body=2; no graph road-name match; used strict distance-only body matching; line: blocked 2 of 2 candidate edge(s) within 10m; name-confirmed=0; distance-body=2; no graph road-name match; used strict distance-only body matching; line: blocked 2 of 2 candidate edge(s) within 10m; name-confirmed=0; distance-body=2; no graph road-name match; used strict distance-only body matching; line: blocked 2 of 2 candidate edge(s) within 10m; name-confirmed=0; distance-body=2; no graph road-name match; used strict distance-only body matching; line: blocked 4 of 10 candidate edge(s) within 10m; name-confirmed=0; distance-body=4; rejected endpoint-no-bleed=2, cross/short-touch=4; no graph road-name match; used strict distance-only body matching; line: blocked 2 of 2 candidate edge(s) within 10m; name-confirmed=0; distance-body=2; no graph road-name match; used strict distance-only body matching; line: blocked 2 of 2 candidate edge(s) within 10m; name-confirmed=0; distance-body=2; no graph road-name match; used strict distance-only body matching; line: blocked 2 of 2 candidate edge(s) within 10m; name-confirmed=0; distance-body=2; no graph road-name match; used strict distance-only body matching; line: blocked 2 of 2 candidate edge(s) within 10m; name-confirmed=0; distance-body=2; no graph road-name match; used strict distance-only body matching; line: blocked 2 of 2 candidate edge(s) within 10m; name-confirmed=0; distance-body=2; no graph road-name match; used strict distance-only body matching; line: blocked 2 of 2 candidate edge(s) within 10m; name-confirmed=0; distance-body=2; no graph road-name match; used strict distance-only body matching; line: blocked 2 of 2 candidate edge(s) within 10m; name-confirmed=0; distance-body=2; no graph road-name match; used strict distance-only body matching; line: blocked 2 of 2 candidate edge(s) within 10m; name-confirmed=0; distance-body=2; no graph road-name match; used strict distance-only body matching; line: blocked 2 of 2 candidate edge(s) within 10m; name-confirmed=0; distance-body=2; no graph road-name match; used strict distance-only body matching; line: blocked 2 of 2 candidate edge(s) within 10m; name-confirmed=0; distance-body=2; no graph road-name match; used strict distance-only body matching; line: blocked 2 of 2 candidate edge(s) within 10m; name-confirmed=0; distance-body=2; no graph road-name match; used strict distance-only body matching; line: blocked 2 of 2 candidate edge(s) within 10m; name-confirmed=0; distance-body=2; no graph road-name match; used strict distance-only body matching",https://api.qldtraffic.qld.gov.au/v2/events/780316
all_blocking,qld.qldtraffic.78122eb3ca8e33ecc8f2,qldtraffic,road_closed,impassable,active,flood,,Riversleigh Road,Lawn Hill,Gregory Downs - Camooweal Road to Old Herbert Vale Road (Mount Isa LGA Only) | Road closed to all traffic,Do not drive in flood waters,783356,Do not drive in flood waters,Flooding,Long-term flooding,Closures,Road closed to all traffic,"{""id"": 783356, ""area_alert"": false, ""status"": ""Published"", ""published"": null, ""source"": {""source_name"": ""EPS"", ""source_id"": null, ""account"": null, ""provided_by"": ""Department of Transport and Main Roads"", ""provided_by_url"": ""https://qldtraffic.qld.gov.au""}, ""url"": ""https://api.qldtraffic.qld.gov.au/v2/events/783356"", ""image"": null, ""event_type"": ""Flooding"", ""event_subtype"": ""Long-term flooding"", ""event_due_to"": null, ""impact"": {""direction"": ""All directions"", ""towards"": null, ""impact_type"": ""Closures"", ""impact_subtype"": ""Road closed to all traffic"", ""delay"": ""Long delays expected""}, ""duration"": {""start"": ""2026-02-25T09:20:00+10:00"", ""end"": null, ""active_days"": null, ""recurrences"": null}, ""event_priority"": ""Low"", ""description"": ""Gregory Downs - Camooweal Road to Old Herbert Vale Road (Mount Isa LGA Only)"", ""advice"": ""Do not drive in flood waters"", ""information"": null, ""road_summary"": {""road_name"": ""Riversleigh Road"", ""locality"": ""Lawn Hill"", ""postcode"": ""4825"", ""local_government_area"": ""Mount Isa City"", ""district"": ""North West""}, ""last_updated"": ""2026-09-19T07:45:05.620877+10:00"", ""next_inspection"": null, ""web_link"": null, ""alert_message"": null}",MultiLineString,14,0.0,high,matched,"line: blocked 14 of 18 candidate edge(s) within 10m; name-confirmed=0; distance-body=14; rejected cross/short-touch=2, angle-mismatch=2; no graph road-name match; used strict distance-only body matching",https://api.qldtraffic.qld.gov.au/v2/events/783356
all_blocking,qld.qldtraffic.bd1ec70da52f242c7f82,qldtraffic,road_closed,impassable,active,unknown,,Wetheron Road,Bon Accord,Bon Accord Bridge | Road closed to all traffic,Use alternative route,787168,Use alternative route,Hazard,Bridge or culvert damaged,Closures,Road closed to all traffic,"{""id"": 787168, ""area_alert"": false, ""status"": ""Published"", ""published"": null, ""source"": {""source_name"": ""Guardian"", ""source_id"": ""504a93d0-2cd7-4cb3-976c-5f3e6a726c40"", ""account"": ""35760"", ""provided_by"": ""North Burnett Regional Council "", ""provided_by_url"": ""https://www.northburnett.qld.gov.au/""}, ""url"": ""https://api.qldtraffic.qld.gov.au/v2/events/787168"", ""image"": null, ""event_type"": ""Hazard"", ""event_subtype"": ""Bridge or culvert damaged"", ""event_due_to"": null, ""impact"": {""direction"": ""Both directions"", ""towards"": null, ""impact_type"": ""Closures"", ""impact_subtype"": ""Road closed to all traffic"", ""delay"": ""Long delays expected""}, ""duration"": {""start"": ""2026-03-09T07:00:00+10:00"", ""end"": null, ""active_days"": null, ""recurrences"": null}, ""event_priority"": ""Medium"", ""description"": ""Bon Accord Bridge "", ""advice"": ""Use alternative route"", ""information"": null, ""road_summary"": {""road_name"": ""Wetheron Road"", ""locality"": ""Bon Accord"", ""postcode"": ""4625"", ""local_government_area"": ""North Burnett Regional"", ""district"": ""Wide Bay/Burnett""}, ""last_updated"": ""2026-06-22T09:54:01.675811+10:00"", ""next_inspection"": ""2027-09-03T09:51:00+10:00"", ""web_link"": null, ""alert_message"": null}",MultiPoint,2,2.2,high,matched,point: blocked 2 edge(s) within 75m,https://api.qldtraffic.qld.gov.au/v2/events/787168
all_blocking,qld.qldtraffic.f86be34ccf786f961abb,qldtraffic,road_closed,impassable,active,flood,,Banana Mungi Road,Banana,Avoid the area | Road closed to all traffic,Avoid the area,787707,Avoid the area,Hazard,Road damage,Closures,Road closed to all traffic,"{""id"": 787707, ""area_alert"": false, ""status"": ""Published"", ""published"": null, ""source"": {""source_name"": ""Guardian"", ""source_id"": ""731961dc-93cc-4764-b5bc-e2b889524945"", ""account"": ""30370"", ""provided_by"": ""Banana Shire Council"", ""provided_by_url"": ""https://emd.banana.qld.gov.au/""}, ""url"": ""https://api.qldtraffic.qld.gov.au/v2/events/787707"", ""image"": null, ""event_type"": ""Hazard"", ""event_subtype"": ""Road damage"", ""event_due_to"": ""Earlier flooding"", ""impact"": {""direction"": ""All directions"", ""towards"": null, ""impact_type"": ""Closures"", ""impact_subtype"": ""Road closed to all traffic"", ""delay"": """"}, ""duration"": {""start"": ""2026-03-12T10:30:00+10:00"", ""end"": null, ""active_days"": null, ""recurrences"": null}, ""event_priority"": ""Medium"", ""description"": null, ""advice"": ""Avoid the area"", ""information"": null, ""road_summary"": {""road_name"": ""Banana Mungi Road"", ""locality"": ""Banana"", ""postcode"": ""4702"", ""local_government_area"": ""Banana Shire"", ""district"": ""Fitzroy""}, ""last_updated"": ""2026-06-18T09:44:02.036084+10:00"", ""next_inspection"": ""2026-09-07T08:55:00+10:00"", ""web_link"": null, ""alert_message"": null}",MultiLineString,2,2.3,high,matched,line: blocked 2 of 2 candidate edge(s) within 10m; name-confirmed=0; distance-body=2; no graph road-name match; used strict distance-only body matching,https://api.qldtraffic.qld.gov.au/v2/events/787707
all_blocking,qld.qldtraffic.0cc5d251bf8a8cfb5d25,qldtraffic,road_closed,impassable,active,flood,,Mount Sunlight Road,Humboldt,Mount Sunlight Road is closed to through traffic due to road damage | Road closed to through traffic,Changed traffic conditions,788811,Changed traffic conditions,Hazard,Road damage,Closures,Road closed to through traffic,"{""id"": 788811, ""area_alert"": false, ""status"": ""Published"", ""published"": null, ""source"": {""source_name"": ""Guardian"", ""source_id"": ""8c0ec22c-f5b6-4a84-a054-a10b4e1ce675"", ""account"": ""32270"", ""provided_by"": ""Central Highlands Regional Council"", ""provided_by_url"": ""https://beprepared.chrc.qld.gov.au/""}, ""url"": ""https://api.qldtraffic.qld.gov.au/v2/events/788811"", ""image"": null, ""event_type"": ""Hazard"", ""event_subtype"": ""Road damage"", ""event_due_to"": ""Earlier flooding"", ""impact"": {""direction"": ""All directions"", ""towards"": null, ""impact_type"": ""Closures"", ""impact_subtype"": ""Road closed to through traffic"", ""delay"": """"}, ""duration"": {""start"": ""2026-03-16T16:15:00+10:00"", ""end"": null, ""active_days"": null, ""recurrences"": null}, ""event_priority"": ""Medium"", ""description"": ""Mount Sunlight Road is closed to through traffic due to road damage"", ""advice"": ""Changed traffic conditions"", ""information"": null, ""road_summary"": {""road_name"": ""Mount Sunlight Road"", ""locality"": ""Humboldt"", ""postcode"": ""4702"", ""local_government_area"": ""Central Highlands Regional"", ""district"": ""Fitzroy""}, ""last_updated"": ""2026-03-23T14:18:02.243594+10:00"", ""next_inspection"": ""2026-03-24T16:15:00+10:00"", ""web_link"": null, ""alert_message"": null}",MultiPoint,2,3.1,high,matched,point: blocked 2 edge(s) within 75m,https://api.qldtraffic.qld.gov.au/v2/events/788811
all_blocking,qld.qldtraffic.b3f20e2a92abdce89c2f,qldtraffic,road_closed,impassable,active,unknown,,Fishermans Pocket Road,Chatsworth / Fishermans Pocket,Fishermans Pocket Road closed between Dobbos Road and Fishermans Pocket Road No 1 due to culvert damage. | Road closed to all traffic,Use alternative route,788898,Use alternative route,Hazard,Bridge or culvert damaged,Closures,Road closed to all traffic,"{""id"": 788898, ""area_alert"": false, ""status"": ""Published"", ""published"": null, ""source"": {""source_name"": ""Guardian"", ""source_id"": ""959e6100-2635-4d04-92b9-e8f4e9415cb1"", ""account"": ""33620"", ""provided_by"": ""Gympie Regional Council"", ""provided_by_url"": ""http://www.gympie.qld.gov.au""}, ""url"": ""https://api.qldtraffic.qld.gov.au/v2/events/788898"", ""image"": null, ""event_type"": ""Hazard"", ""event_subtype"": ""Bridge or culvert damaged"", ""event_due_to"": null, ""impact"": {""direction"": ""All directions"", ""towards"": null, ""impact_type"": ""Closures"", ""impact_subtype"": ""Road closed to all traffic"", ""delay"": """"}, ""duration"": {""start"": ""2026-03-17T06:45:00+10:00"", ""end"": null, ""active_days"": null, ""recurrences"": null}, ""event_priority"": ""Medium"", ""description"": ""Fishermans Pocket Road closed between Dobbos Road and Fishermans Pocket Road No 1 due to culvert damage. "", ""advice"": ""Use alternative route"", ""information"": null, ""road_summary"": {""road_name"": ""Fishermans Pocket Road"", ""locality"": ""Chatsworth / Fishermans Pocket"", ""postcode"": ""4570"", ""local_government_area"": ""Gympie Regional"", ""district"": ""Wide Bay/Burnett""}, ""last_updated"": ""2026-09-10T14:36:07.987463+10:00"", ""next_inspection"": ""2026-10-12T14:35:00+10:00"", ""web_link"": null, ""alert_message"": null}",MultiLineString,2,0.0,high,matched,"line: blocked 2 of 8 candidate edge(s) within 10m; name-confirmed=0; distance-body=2; rejected endpoint-no-bleed=2, cross/short-touch=4; no graph road-name match; used strict distance-only body matching",https://api.qldtraffic.qld.gov.au/v2/events/788898
all_blocking,qld.qldtraffic.cde36f8cc37344b8392e,qldtraffic,restricted,passable_with_conditions,active,unknown,,Rykers Road,Cape Tribulation,"Cape Tribulation, Bloomfield Road from Cape Tribulation through to Wujal Wujal is OPEN to traffic 4WD advised and drive to weather conditions. | Restricted to four wheel drive vehicles only",Motorists are urged to show patience,790215,Motorists are urged to show patience,Hazard,Adverse driving conditions,Road restricted,Restricted to four wheel drive vehicles only,"{""id"": 790215, ""area_alert"": false, ""status"": ""Published"", ""published"": null, ""source"": {""source_name"": ""Guardian"", ""source_id"": ""9252024d-9ffe-4502-968c-2cfdd50cd99a"", ""account"": ""32810"", ""provided_by"": ""Douglas Shire Council"", ""provided_by_url"": ""https://douglas.qld.gov.au/""}, ""url"": ""https://api.qldtraffic.qld.gov.au/v2/events/790215"", ""image"": null, ""event_type"": ""Hazard"", ""event_subtype"": ""Adverse driving conditions"", ""event_due_to"": ""Slippery surface"", ""impact"": {""direction"": ""Both directions"", ""towards"": null, ""impact_type"": ""Road restricted"", ""impact_subtype"": ""Restricted to four wheel drive vehicles only"", ""delay"": ""Delays expected""}, ""duration"": {""start"": ""2026-03-23T06:15:00+10:00"", ""end"": ""2026-12-04T09:01:00+10:00"", ""active_days"": null, ""recurrences"": null}, ""event_priority"": ""Medium"", ""description"": ""Cape Tribulation, Bloomfield Road from Cape Tribulation through to Wujal Wujal is OPEN to traffic 4WD advised and drive to weather conditions."", ""advice"": ""Motorists are urged to show patience"", ""information"": null, ""road_summary"": {""road_name"": ""Rykers Road"", ""locality"": ""Cape Tribulation"", ""postcode"": ""4873"", ""local_government_area"": ""Douglas Shire"", ""district"": ""Far North""}, ""last_updated"": ""2026-06-03T04:22:01.776634+10:00"", ""next_inspection"": ""2026-02-12T04:20:00+10:00"", ""web_link"": null, ""alert_message"": null}",MultiPoint,2,2.9,high,matched,point: blocked 2 edge(s) within 75m,https://api.qldtraffic.qld.gov.au/v2/events/790215
all_blocking,qld.qldtraffic.c5b15c1c02cdffc8ff20,qldtraffic,road_closed,impassable,active,unknown,,Mountain View Drive,Plainland,Part Shoulder Closed - Road Damage - Observe Signage | Lane or lanes reduced,Observe signage,797741,Observe signage,Hazard,Road damage,Lanes affected,Lane or lanes reduced,"{""id"": 797741, ""area_alert"": false, ""status"": ""Published"", ""published"": null, ""source"": {""source_name"": ""Guardian"", ""source_id"": ""97125c09-c560-491f-a048-4c4c2ad169a8"", ""account"": ""34580"", ""provided_by"": ""Lockyer Valley Regional Council"", ""provided_by_url"": ""https://www.lockyervalley.qld.gov.au/""}, ""url"": ""https://api.qldtraffic.qld.gov.au/v2/events/797741"", ""image"": null, ""event_type"": ""Hazard"", ""event_subtype"": ""Road damage"", ""event_due_to"": ""Rough surface"", ""impact"": {""direction"": ""Both directions"", ""towards"": null, ""impact_type"": ""Lanes affected"", ""impact_subtype"": ""Lane or lanes reduced"", ""delay"": ""No delays expected""}, ""duration"": {""start"": ""2026-04-28T08:30:00+10:00"", ""end"": null, ""active_days"": null, ""recurrences"": null}, ""event_priority"": ""Medium"", ""description"": ""Part Shoulder Closed - Road Damage - Observe Signage"", ""advice"": ""Observe signage"", ""information"": null, ""road_summary"": {""road_name"": ""Mountain View Drive"", ""locality"": ""Plainland"", ""postcode"": ""4341"", ""local_government_area"": ""Lockyer Valley Regional"", ""district"": ""Darling Downs""}, ""last_updated"": ""2026-09-07T06:12:03.097939+10:00"", ""next_inspection"": null, ""web_link"": null, ""alert_message"": null}",MultiLineString,2,0.8,high,matched,line: blocked 2 of 2 candidate edge(s) within 10m; name-confirmed=0; distance-body=2; no graph road-name match; used strict distance-only body matching,https://api.qldtraffic.qld.gov.au/v2/events/797741
all_blocking,qld.qldtraffic.93b8161eff698c56206e,qldtraffic,road_closed,impassable,active,unknown,,Tickalara Road / Wompah Gate Road,Cameron Corner,Avoid the area | Road closed to all traffic,Avoid the area,822851,Avoid the area,Hazard,Road damage,Closures,Road closed to all traffic,"{""id"": 822851, ""area_alert"": false, ""status"": ""Published"", ""published"": null, ""source"": {""source_name"": ""Guardian"", ""source_id"": ""963824f1-71d7-4266-92d6-5497dfe118b6"", ""account"": ""31750"", ""provided_by"": ""Bulloo Shire Council"", ""provided_by_url"": ""https://www.bulloo.qld.gov.au/""}, ""url"": ""https://api.qldtraffic.qld.gov.au/v2/events/822851"", ""image"": null, ""event_type"": ""Hazard"", ""event_subtype"": ""Road damage"", ""event_due_to"": ""Boggy conditions"", ""impact"": {""direction"": ""Both directions"", ""towards"": null, ""impact_type"": ""Closures"", ""impact_subtype"": ""Road closed to all traffic"", ""delay"": ""Delays expected""}, ""duration"": {""start"": ""2026-05-18T08:22:00+10:00"", ""end"": null, ""active_days"": null, ""recurrences"": null}, ""event_priority"": ""Medium"", ""description"": null, ""advice"": ""Avoid the area"", ""information"": null, ""road_summary"": {""road_name"": ""Tickalara Road / Wompah Gate Road"", ""locality"": ""Cameron Corner"", ""postcode"": ""4492"", ""local_government_area"": ""Bulloo Shire"", ""district"": ""South West""}, ""last_updated"": ""2026-09-18T08:52:14.853218+10:00"", ""next_inspection"": null, ""web_link"": null, ""alert_message"": null}",MultiLineString,2,0.0,high,matched,line: blocked 2 of 4 candidate edge(s) within 10m; name-confirmed=0; distance-body=2; rejected cross/short-touch=2; no graph road-name match; used strict distance-only body matching,https://api.qldtraffic.qld.gov.au/v2/events/822851
all_blocking,qld.qldtraffic.3a44e589be643db3d566,qldtraffic,road_closed,impassable,active,unknown,,Bulloo Downs Road / Bulloo Developmental Road / Tickalara Road,Bulloo Downs / Cameron Corner / Thargomindah,Avoid the area | Road closed to all traffic,Avoid the area,823606,Avoid the area,Hazard,Road damage,Closures,Road closed to all traffic,"{""id"": 823606, ""area_alert"": false, ""status"": ""Published"", ""published"": null, ""source"": {""source_name"": ""Guardian"", ""source_id"": ""339a81a2-ef90-4ea4-814c-b28feaff09b9"", ""account"": ""31750"", ""provided_by"": ""Bulloo Shire Council"", ""provided_by_url"": ""https://www.bulloo.qld.gov.au/""}, ""url"": ""https://api.qldtraffic.qld.gov.au/v2/events/823606"", ""image"": null, ""event_type"": ""Hazard"", ""event_subtype"": ""Road damage"", ""event_due_to"": ""Deep wheel tracks"", ""impact"": {""direction"": ""All directions"", ""towards"": null, ""impact_type"": ""Closures"", ""impact_subtype"": ""Road closed to all traffic"", ""delay"": ""Delays expected""}, ""duration"": {""start"": ""2026-08-25T11:49:00+10:00"", ""end"": null, ""active_days"": null, ""recurrences"": null}, ""event_priority"": ""Medium"", ""description"": null, ""advice"": ""Avoid the area"", ""information"": null, ""road_summary"": {""road_name"": ""Bulloo Downs Road / Bulloo Developmental Road / Tickalara Road"", ""locality"": ""Bulloo Downs / Cameron Corner / Thargomindah"", ""postcode"": ""4492"", ""local_government_area"": ""Bulloo Shire"", ""district"": ""South West""}, ""last_updated"": ""2026-09-18T08:52:57.507282+10:00"", ""next_inspection"": null, ""web_link"": null, ""alert_message"": null}",MultiLineString,18,0.0,high,matched,"line: blocked 18 of 28 candidate edge(s) within 10m; name-confirmed=0; distance-body=18; rejected cross/short-touch=6, angle-mismatch=4; no graph road-name match; used strict distance-only body matching",https://api.qldtraffic.qld.gov.au/v2/events/823606
all_blocking,qld.qldtraffic.6896a04291d9846653b6,qldtraffic,road_closed,impassable,active,unknown,,Downey Street / Green Terrace,Windsor,Road closures for the Primary Schools Netball Cup Comp between Northey Street and Downey Street | Road closed to through traffic,Avoid the area,826659,Avoid the area,Special event,N/A,Closures,Road closed to through traffic,"{""id"": 826659, ""area_alert"": false, ""status"": ""Published"", ""published"": ""2026-09-08T10:00:00+10:00"", ""source"": {""source_name"": ""EPS"", ""source_id"": null, ""account"": null, ""provided_by"": ""Brisbane City Council"", ""provided_by_url"": ""https://www.brisbane.qld.gov.au""}, ""url"": ""https://api.qldtraffic.qld.gov.au/v2/events/826659"", ""image"": null, ""event_type"": ""Special event"", ""event_subtype"": ""N/A"", ""event_due_to"": null, ""impact"": {""direction"": ""All directions"", ""towards"": null, ""impact_type"": ""Closures"", ""impact_subtype"": ""Road closed to through traffic"", ""delay"": ""Delays expected (during active hours)""}, ""duration"": {""start"": ""2026-09-19T06:00:00+10:00"", ""end"": ""2026-09-20T00:00:00+10:00"", ""active_days"": null, ""recurrences"": null}, ""event_priority"": ""Medium"", ""description"": ""Road closures for the Primary Schools Netball Cup Comp between Northey Street and Downey Street"", ""advice"": ""Avoid the area"", ""information"": ""Full closure of Green Terrace between Northey Street and Downey Street, Windsor, Downey Street, between Green Terrace and Allom Street Windsor and Allom Street between Edgar Street and Downey Street, Windsor for the staging of an event for Netball Queensland's Primary Schools Cup Competition. Roads will be closed on Saturday 19 September and Sunday 20 September from 6am to 12pm. Traffic Controllers will be on site to direct motorist and pedestrians."", ""road_summary"": {""road_name"": ""Downey Street / Green Terrace"", ""locality"": ""Windsor"", ""postcode"": ""4030"", ""local_government_area"": ""Brisbane City"", ""district"": ""Metropolitan""}, ""last_updated"": ""2026-09-09T11:49:55.561999+10:00"", ""next_inspection"": null, ""web_link"": null, ""alert_message"": null}",MultiLineString,4,0.0,high,matched,line: blocked 2 of 2 candidate edge(s) within 10m; name-confirmed=0; distance-body=2; no graph road-name match; used strict distance-only body matching; line: blocked 2 of 8 candidate edge(s) within 10m; name-confirmed=0; distance-body=2; rejected cross/short-touch=6; no graph road-name match; used strict distance-only body matching; line: blocked 2 of 6 candidate edge(s) within 10m; name-confirmed=0; distance-body=2; rejected cross/short-touch=4; no graph road-name match; used strict distance-only body matching,https://api.qldtraffic.qld.gov.au/v2/events/826659
all_blocking,qld.qldtraffic.79029e4b44e338f5927d,qldtraffic,road_closed,impassable,active,unknown,,King Arthur Terrace,Tennyson,Full closure from Godiva Avenue to Softstone Street | Road closed to through traffic,Avoid the area,828171,Avoid the area,Special event,N/A,Closures,Road closed to through traffic,"{""id"": 828171, ""area_alert"": false, ""status"": ""Published"", ""published"": ""2026-09-15T14:27:00+10:00"", ""source"": {""source_name"": ""EPS"", ""source_id"": null, ""account"": null, ""provided_by"": ""Brisbane City Council"", ""provided_by_url"": ""https://www.brisbane.qld.gov.au""}, ""url"": ""https://api.qldtraffic.qld.gov.au/v2/events/828171"", ""image"": null, ""event_type"": ""Special event"", ""event_subtype"": ""N/A"", ""event_due_to"": null, ""impact"": {""direction"": ""Both directions"", ""towards"": null, ""impact_type"": ""Closures"", ""impact_subtype"": ""Road closed to through traffic"", ""delay"": ""Delays expected (during active hours)""}, ""duration"": {""start"": ""2026-09-19T06:00:00+10:00"", ""end"": ""2026-09-20T18:00:00+10:00"", ""active_days"": null, ""recurrences"": null}, ""event_priority"": ""Medium"", ""description"": ""Full closure from Godiva Avenue to Softstone Street"", ""advice"": ""Avoid the area"", ""information"": ""There will be a full road closure of King Arthur Terrace, Yeerongpilly, continuously from 6am on Saturday 19 to 6pm on Sunday 20 September 2026 for the Davis Cup Tennis Tournament. This closure is between Godiva Avenue and Softstone Street. In addition, the intersection of Godiva Avenue and Queens Way, will also be fully closed. Diversions will be in place and assistance will be provided by accredited traffic controllers. Motorists are advised to expect delays and should use alternate routes where possible."", ""road_summary"": {""road_name"": ""King Arthur Terrace"", ""locality"": ""Tennyson"", ""postcode"": ""4105"", ""local_government_area"": ""Brisbane City"", ""district"": ""Metropolitan""}, ""last_updated"": ""2026-09-15T14:40:40.277384+10:00"", ""next_inspection"": null, ""web_link"": null, ""alert_message"": null}",MultiLineString,12,0.0,high,matched,line: blocked 12 of 16 candidate edge(s) within 10m; name-confirmed=0; distance-body=12; rejected cross/short-touch=4; no graph road-name match; used strict distance-only body matching,https://api.qldtraffic.qld.gov.au/v2/events/828171
all_blocking,qld.qldtraffic.7e793e7b36698c71cdb4,qldtraffic,road_closed,impassable,active,unknown,,Herries Street / A3,East Toowoomba / Toowoomba City,Grand Central Floral Parade | Road closed to all traffic,Changed traffic conditions,828559,Changed traffic conditions,Special event,N/A,Closures,Road closed to all traffic,"{""id"": 828559, ""area_alert"": false, ""status"": ""Published"", ""published"": ""2026-09-19T05:00:00+10:00"", ""source"": {""source_name"": ""Guardian"", ""source_id"": ""82537b9c-dfd8-4dc4-8420-bd2663e4d327"", ""account"": ""36910"", ""provided_by"": ""Toowoomba Regional"", ""provided_by_url"": ""http://www.tr.qld.gov.au/community-business/community-safety""}, ""url"": ""https://api.qldtraffic.qld.gov.au/v2/events/828559"", ""image"": null, ""event_type"": ""Special event"", ""event_subtype"": ""N/A"", ""event_due_to"": null, ""impact"": {""direction"": ""All directions"", ""towards"": null, ""impact_type"": ""Closures"", ""impact_subtype"": ""Road closed to all traffic"", ""delay"": """"}, ""duration"": {""start"": ""2026-09-19T05:00:00+10:00"", ""end"": ""2026-09-19T14:00:00+10:00"", ""active_days"": null, ""recurrences"": null}, ""event_priority"": ""Medium"", ""description"": ""Grand Central Floral Parade"", ""advice"": ""Changed traffic conditions"", ""information"": null, ""road_summary"": {""road_name"": ""Herries Street / A3"", ""locality"": ""East Toowoomba / Toowoomba City"", ""postcode"": ""4350"", ""local_government_area"": ""Toowoomba Regional"", ""district"": ""Darling Downs""}, ""last_updated"": ""2026-09-19T07:12:02.258676+10:00"", ""next_inspection"": null, ""web_link"": ""https://tcof.com.au/wp-content/uploads/2026/08/Parade-Road-Closure-Map-2026.pdf"", ""alert_message"": null}",MultiLineString,66,0.0,high,matched,"line: blocked 66 of 148 candidate edge(s) within 10m; name-confirmed=0; distance-body=66; rejected endpoint-no-bleed=4, cross/short-touch=78; no graph road-name match; used strict distance-only body matching",https://api.qldtraffic.qld.gov.au/v2/events/828559
all_blocking,qld.qldtraffic.ae9f619544d8480bc519,qldtraffic,road_closed,impassable,active,unknown,,Little Street / Herries Street / Duggan Street,Toowoomba City,Grand Central Floral Parade | Road closed to all traffic,Changed traffic conditions,828574,Changed traffic conditions,Special event,N/A,Closures,Road closed to all traffic,"{""id"": 828574, ""area_alert"": false, ""status"": ""Published"", ""published"": ""2026-09-19T05:00:00+10:00"", ""source"": {""source_name"": ""Guardian"", ""source_id"": ""85e437ac-6530-4b44-8c27-6b07cb7e1ce4"", ""account"": ""36910"", ""provided_by"": ""Toowoomba Regional"", ""provided_by_url"": ""http://www.tr.qld.gov.au/community-business/community-safety""}, ""url"": ""https://api.qldtraffic.qld.gov.au/v2/events/828574"", ""image"": null, ""event_type"": ""Special event"", ""event_subtype"": ""N/A"", ""event_due_to"": null, ""impact"": {""direction"": ""All directions"", ""towards"": null, ""impact_type"": ""Closures"", ""impact_subtype"": ""Road closed to all traffic"", ""delay"": """"}, ""duration"": {""start"": ""2026-09-19T05:00:00+10:00"", ""end"": ""2026-09-19T14:00:00+10:00"", ""active_days"": null, ""recurrences"": null}, ""event_priority"": ""Medium"", ""description"": ""Grand Central Floral Parade"", ""advice"": ""Changed traffic conditions"", ""information"": null, ""road_summary"": {""road_name"": ""Little Street / Herries Street / Duggan Street"", ""locality"": ""Toowoomba City"", ""postcode"": ""4350"", ""local_government_area"": ""Toowoomba Regional"", ""district"": ""Darling Downs""}, ""last_updated"": ""2026-09-19T07:06:01.799388+10:00"", ""next_inspection"": null, ""web_link"": ""https://tcof.com.au/wp-content/uploads/2026/08/Parade-Road-Closure-Map-2026.pdf"", ""alert_message"": null}",MultiLineString,2,0.0,high,matched,"line: blocked 2 of 10 candidate edge(s) within 10m; name-confirmed=0; distance-body=2; rejected endpoint-no-bleed=2, cross/short-touch=6; no graph road-name match; used strict distance-only body matching",https://api.qldtraffic.qld.gov.au/v2/events/828574
all_blocking,qld.qldtraffic.b6f38db85efa71faa08e,qldtraffic,road_closed,impassable,active,unknown,,Duggan Street / Ruthven Street,Toowoomba City,Grand Central Floral Parade | Road closed to all traffic,Changed traffic conditions,828577,Changed traffic conditions,Special event,N/A,Closures,Road closed to all traffic,"{""id"": 828577, ""area_alert"": false, ""status"": ""Published"", ""published"": ""2026-09-19T05:00:00+10:00"", ""source"": {""source_name"": ""Guardian"", ""source_id"": ""763a19ac-3dcf-4f33-9c94-cea6866d410a"", ""account"": ""36910"", ""provided_by"": ""Toowoomba Regional"", ""provided_by_url"": ""http://www.tr.qld.gov.au/community-business/community-safety""}, ""url"": ""https://api.qldtraffic.qld.gov.au/v2/events/828577"", ""image"": null, ""event_type"": ""Special event"", ""event_subtype"": ""N/A"", ""event_due_to"": null, ""impact"": {""direction"": ""All directions"", ""towards"": null, ""impact_type"": ""Closures"", ""impact_subtype"": ""Road closed to all traffic"", ""delay"": """"}, ""duration"": {""start"": ""2026-09-19T05:00:00+10:00"", ""end"": ""2026-09-19T14:00:00+10:00"", ""active_days"": null, ""recurrences"": null}, ""event_priority"": ""Medium"", ""description"": ""Grand Central Floral Parade"", ""advice"": ""Changed traffic conditions"", ""information"": null, ""road_summary"": {""road_name"": ""Duggan Street / Ruthven Street"", ""locality"": ""Toowoomba City"", ""postcode"": ""4350"", ""local_government_area"": ""Toowoomba Regional"", ""district"": ""Darling Downs""}, ""last_updated"": ""2026-09-19T07:06:03.012826+10:00"", ""next_inspection"": null, ""web_link"": ""https://tcof.com.au/wp-content/uploads/2026/08/Parade-Road-Closure-Map-2026.pdf"", ""alert_message"": null}",MultiLineString,2,0.3,high,matched,line: blocked 2 of 14 candidate edge(s) within 10m; name-confirmed=0; distance-body=2; rejected cross/short-touch=12; no graph road-name match; used strict distance-only body matching,https://api.qldtraffic.qld.gov.au/v2/events/828577
all_blocking,qld.qldtraffic.377f862f27419b1a6c03,qldtraffic,road_closed,impassable,active,unknown,,Margaret Street,Toowoomba City,Grand Central Floral Parade | Road closed to all traffic,Changed traffic conditions,828584,Changed traffic conditions,Special event,N/A,Closures,Road closed to all traffic,"{""id"": 828584, ""area_alert"": false, ""status"": ""Published"", ""published"": ""2026-09-19T05:00:00+10:00"", ""source"": {""source_name"": ""Guardian"", ""source_id"": ""067ac019-9838-4b65-a3bf-68605eded343"", ""account"": ""36910"", ""provided_by"": ""Toowoomba Regional"", ""provided_by_url"": ""http://www.tr.qld.gov.au/community-business/community-safety""}, ""url"": ""https://api.qldtraffic.qld.gov.au/v2/events/828584"", ""image"": null, ""event_type"": ""Special event"", ""event_subtype"": ""N/A"", ""event_due_to"": null, ""impact"": {""direction"": ""All directions"", ""towards"": null, ""impact_type"": ""Closures"", ""impact_subtype"": ""Road closed to all traffic"", ""delay"": """"}, ""duration"": {""start"": ""2026-09-19T05:00:00+10:00"", ""end"": ""2026-09-19T14:00:00+10:00"", ""active_days"": null, ""recurrences"": null}, ""event_priority"": ""Medium"", ""description"": ""Grand Central Floral Parade"", ""advice"": ""Changed traffic conditions"", ""information"": null, ""road_summary"": {""road_name"": ""Margaret Street"", ""locality"": ""Toowoomba City"", ""postcode"": ""4350"", ""local_government_area"": ""Toowoomba Regional"", ""district"": ""Darling Downs""}, ""last_updated"": ""2026-09-19T07:10:04.00228+10:00"", ""next_inspection"": null, ""web_link"": null, ""alert_message"": null}",MultiLineString,14,0.0,high,matched,"line: blocked 14 of 48 candidate edge(s) within 10m; name-confirmed=0; distance-body=14; rejected endpoint-no-bleed=2, cross/short-touch=32; no graph road-name match; used strict distance-only body matching",https://api.qldtraffic.qld.gov.au/v2/events/828584
all_blocking,qld.qldtraffic.997d02ad95e06b625510,qldtraffic,road_closed,impassable,active,unknown,,Margaret Street,Toowoomba City,Grand Central Floral Parade | Road closed to all traffic,Changed traffic conditions,828586,Changed traffic conditions,Special event,N/A,Closures,Road closed to all traffic,"{""id"": 828586, ""area_alert"": false, ""status"": ""Published"", ""published"": ""2026-09-19T05:00:00+10:00"", ""source"": {""source_name"": ""Guardian"", ""source_id"": ""f5eb4a21-ef52-4389-b61d-3c124ce823eb"", ""account"": ""36910"", ""provided_by"": ""Toowoomba Regional"", ""provided_by_url"": ""http://www.tr.qld.gov.au/community-business/community-safety""}, ""url"": ""https://api.qldtraffic.qld.gov.au/v2/events/828586"", ""image"": null, ""event_type"": ""Special event"", ""event_subtype"": ""N/A"", ""event_due_to"": null, ""impact"": {""direction"": ""All directions"", ""towards"": null, ""impact_type"": ""Closures"", ""impact_subtype"": ""Road closed to all traffic"", ""delay"": """"}, ""duration"": {""start"": ""2026-09-19T05:00:00+10:00"", ""end"": ""2026-09-19T14:00:00+10:00"", ""active_days"": null, ""recurrences"": null}, ""event_priority"": ""Medium"", ""description"": ""Grand Central Floral Parade"", ""advice"": ""Changed traffic conditions"", ""information"": null, ""road_summary"": {""road_name"": ""Margaret Street"", ""locality"": ""Toowoomba City"", ""postcode"": ""4350"", ""local_government_area"": ""Toowoomba Regional"", ""district"": ""Darling Downs""}, ""last_updated"": ""2026-09-19T07:10:06.279834+10:00"", ""next_inspection"": null, ""web_link"": null, ""alert_message"": null}",MultiLineString,10,0.0,high,matched,"line: blocked 10 of 32 candidate edge(s) within 10m; name-confirmed=0; distance-body=10; rejected endpoint-no-bleed=4, cross/short-touch=18; no graph road-name match; used strict distance-only body matching",https://api.qldtraffic.qld.gov.au/v2/events/828586
all_blocking,qld.qldtraffic.9c10d158791b534095c1,qldtraffic,road_closed,impassable,active,unknown,,Margaret Street / Union Street / Annand Street,East Toowoomba / Toowoomba City,Grand Central Floral Parade | Road closed to all traffic,Changed traffic conditions,828589,Changed traffic conditions,Special event,N/A,Closures,Road closed to all traffic,"{""id"": 828589, ""area_alert"": false, ""status"": ""Published"", ""published"": ""2026-09-19T05:00:00+10:00"", ""source"": {""source_name"": ""Guardian"", ""source_id"": ""c01c1778-f566-4302-b751-d5cc0e9845b1"", ""account"": ""36910"", ""provided_by"": ""Toowoomba Regional"", ""provided_by_url"": ""http://www.tr.qld.gov.au/community-business/community-safety""}, ""url"": ""https://api.qldtraffic.qld.gov.au/v2/events/828589"", ""image"": null, ""event_type"": ""Special event"", ""event_subtype"": ""N/A"", ""event_due_to"": null, ""impact"": {""direction"": ""All directions"", ""towards"": null, ""impact_type"": ""Closures"", ""impact_subtype"": ""Road closed to all traffic"", ""delay"": """"}, ""duration"": {""start"": ""2026-09-19T05:00:00+10:00"", ""end"": ""2026-09-19T14:00:00+10:00"", ""active_days"": null, ""recurrences"": null}, ""event_priority"": ""Medium"", ""description"": ""Grand Central Floral Parade"", ""advice"": ""Changed traffic conditions"", ""information"": null, ""road_summary"": {""road_name"": ""Margaret Street / Union Street / Annand Street"", ""locality"": ""East Toowoomba / Toowoomba City"", ""postcode"": ""4350"", ""local_government_area"": ""Toowoomba Regional"", ""district"": ""Darling Downs""}, ""last_updated"": ""2026-09-19T07:12:04.001153+10:00"", ""next_inspection"": null, ""web_link"": ""https://tcof.com.au/wp-content/uploads/2026/08/Parade-Road-Closure-Map-2026.pdf"", ""alert_message"": null}",MultiLineString,30,0.0,high,matched,"line: blocked 30 of 90 candidate edge(s) within 10m; name-confirmed=0; distance-body=30; rejected endpoint-no-bleed=2, cross/short-touch=58; no graph road-name match; used strict distance-only body matching",https://api.qldtraffic.qld.gov.au/v2/events/828589
all_blocking,qld.qldtraffic.a548bdad57dd0c5f7546,qldtraffic,road_closed,impassable,active,unknown,,Ruthven Street / Neil Street,Toowoomba City,Grand Central Floral Parade | Road closed to all traffic,Changed traffic conditions,828590,Changed traffic conditions,Special event,N/A,Closures,Road closed to all traffic,"{""id"": 828590, ""area_alert"": false, ""status"": ""Published"", ""published"": ""2026-09-19T05:00:00+10:00"", ""source"": {""source_name"": ""Guardian"", ""source_id"": ""b24bdc84-36ba-4ff2-9bf5-114c32f469a9"", ""account"": ""36910"", ""provided_by"": ""Toowoomba Regional"", ""provided_by_url"": ""http://www.tr.qld.gov.au/community-business/community-safety""}, ""url"": ""https://api.qldtraffic.qld.gov.au/v2/events/828590"", ""image"": null, ""event_type"": ""Special event"", ""event_subtype"": ""N/A"", ""event_due_to"": null, ""impact"": {""direction"": ""All directions"", ""towards"": null, ""impact_type"": ""Closures"", ""impact_subtype"": ""Road closed to all traffic"", ""delay"": """"}, ""duration"": {""start"": ""2026-09-19T05:00:00+10:00"", ""end"": ""2026-09-19T14:00:00+10:00"", ""active_days"": null, ""recurrences"": null}, ""event_priority"": ""Medium"", ""description"": ""Grand Central Floral Parade"", ""advice"": ""Changed traffic conditions"", ""information"": null, ""road_summary"": {""road_name"": ""Ruthven Street / Neil Street"", ""locality"": ""Toowoomba City"", ""postcode"": ""4350"", ""local_government_area"": ""Toowoomba Regional"", ""district"": ""Darling Downs""}, ""last_updated"": ""2026-09-19T07:12:07.059454+10:00"", ""next_inspection"": null, ""web_link"": null, ""alert_message"": null}",MultiLineString,2,0.0,high,matched,"line: blocked 2 of 22 candidate edge(s) within 10m; name-confirmed=0; distance-body=2; rejected endpoint-no-bleed=4, cross/short-touch=16; no graph road-name match; used strict distance-only body matching",https://api.qldtraffic.qld.gov.au/v2/events/828590
all_blocking,qld.qldtraffic.578abe321adfbba31fc6,qldtraffic,road_closed,impassable,active,unknown,,Annand Street / Herries Street / Neil Street,Toowoomba City,Grand Central Floral Parade | Road closed to all traffic,Changed traffic conditions,828591,Changed traffic conditions,Special event,N/A,Closures,Road closed to all traffic,"{""id"": 828591, ""area_alert"": false, ""status"": ""Published"", ""published"": ""2026-09-19T05:00:00+10:00"", ""source"": {""source_name"": ""Guardian"", ""source_id"": ""8cf929d1-0167-401e-92c3-330f1f87d5c6"", ""account"": ""36910"", ""provided_by"": ""Toowoomba Regional"", ""provided_by_url"": ""http://www.tr.qld.gov.au/community-business/community-safety""}, ""url"": ""https://api.qldtraffic.qld.gov.au/v2/events/828591"", ""image"": null, ""event_type"": ""Special event"", ""event_subtype"": ""N/A"", ""event_due_to"": null, ""impact"": {""direction"": ""All directions"", ""towards"": null, ""impact_type"": ""Closures"", ""impact_subtype"": ""Road closed to all traffic"", ""delay"": """"}, ""duration"": {""start"": ""2026-09-19T05:00:00+10:00"", ""end"": ""2026-09-19T14:00:00+10:00"", ""active_days"": null, ""recurrences"": null}, ""event_priority"": ""Medium"", ""description"": ""Grand Central Floral Parade"", ""advice"": ""Changed traffic conditions"", ""information"": null, ""road_summary"": {""road_name"": ""Annand Street / Herries Street / Neil Street"", ""locality"": ""Toowoomba City"", ""postcode"": ""4350"", ""local_government_area"": ""Toowoomba Regional"", ""district"": ""Darling Downs""}, ""last_updated"": ""2026-09-19T07:14:02.343803+10:00"", ""next_inspection"": null, ""web_link"": null, ""alert_message"": null}",MultiLineString,8,0.0,high,matched,line: blocked 8 of 26 candidate edge(s) within 10m; name-confirmed=0; distance-body=8; rejected cross/short-touch=18; no graph road-name match; used strict distance-only body matching,https://api.qldtraffic.qld.gov.au/v2/events/828591
all_blocking,qld.qldtraffic.eb3027a8575cbc234245,qldtraffic,road_closed,impassable,active,unknown,,Neil Street,Toowoomba City,Grand Central Floral Parade | Road closed to all traffic,Changed traffic conditions,828592,Changed traffic conditions,Special event,N/A,Closures,Road closed to all traffic,"{""id"": 828592, ""area_alert"": false, ""status"": ""Published"", ""published"": ""2026-09-19T05:00:00+10:00"", ""source"": {""source_name"": ""Guardian"", ""source_id"": ""a567c6cf-a957-4693-b7d9-2721fdf262e2"", ""account"": ""36910"", ""provided_by"": ""Toowoomba Regional"", ""provided_by_url"": ""http://www.tr.qld.gov.au/community-business/community-safety""}, ""url"": ""https://api.qldtraffic.qld.gov.au/v2/events/828592"", ""image"": null, ""event_type"": ""Special event"", ""event_subtype"": ""N/A"", ""event_due_to"": null, ""impact"": {""direction"": ""All directions"", ""towards"": null, ""impact_type"": ""Closures"", ""impact_subtype"": ""Road closed to all traffic"", ""delay"": """"}, ""duration"": {""start"": ""2026-09-19T05:00:00+10:00"", ""end"": ""2026-09-19T14:00:00+10:00"", ""active_days"": null, ""recurrences"": null}, ""event_priority"": ""Medium"", ""description"": ""Grand Central Floral Parade"", ""advice"": ""Changed traffic conditions"", ""information"": null, ""road_summary"": {""road_name"": ""Neil Street"", ""locality"": ""Toowoomba City"", ""postcode"": ""4350"", ""local_government_area"": ""Toowoomba Regional"", ""district"": ""Darling Downs""}, ""last_updated"": ""2026-09-19T07:14:06.730769+10:00"", ""next_inspection"": null, ""web_link"": null, ""alert_message"": null}",MultiLineString,22,0.0,high,matched,"line: blocked 22 of 58 candidate edge(s) within 10m; name-confirmed=0; distance-body=22; rejected endpoint-no-bleed=4, cross/short-touch=32; no graph road-name match; used strict distance-only body matching",https://api.qldtraffic.qld.gov.au/v2/events/828592
all_blocking,qld.qldtraffic.8c766a271989a4dc3994,qldtraffic,road_closed,impassable,active,unknown,,Neil Street / Hume Street,Toowoomba City,Grand Central Floral Parade | Road closed to all traffic,Changed traffic conditions,828634,Changed traffic conditions,Special event,N/A,Closures,Road closed to all traffic,"{""id"": 828634, ""area_alert"": false, ""status"": ""Published"", ""published"": ""2026-09-19T05:00:00+10:00"", ""source"": {""source_name"": ""Guardian"", ""source_id"": ""4939f82c-6e3b-44e0-b689-fff73f482932"", ""account"": ""36910"", ""provided_by"": ""Toowoomba Regional"", ""provided_by_url"": ""http://www.tr.qld.gov.au/community-business/community-safety""}, ""url"": ""https://api.qldtraffic.qld.gov.au/v2/events/828634"", ""image"": null, ""event_type"": ""Special event"", ""event_subtype"": ""N/A"", ""event_due_to"": null, ""impact"": {""direction"": ""All directions"", ""towards"": null, ""impact_type"": ""Closures"", ""impact_subtype"": ""Road closed to all traffic"", ""delay"": """"}, ""duration"": {""start"": ""2026-09-19T05:00:00+10:00"", ""end"": ""2026-09-19T14:00:00+10:00"", ""active_days"": null, ""recurrences"": null}, ""event_priority"": ""Medium"", ""description"": ""Grand Central Floral Parade"", ""advice"": ""Changed traffic conditions"", ""information"": null, ""road_summary"": {""road_name"": ""Neil Street / Hume Street"", ""locality"": ""Toowoomba City"", ""postcode"": ""4350"", ""local_government_area"": ""Toowoomba Regional"", ""district"": ""Darling Downs""}, ""last_updated"": ""2026-09-19T07:14:08.210423+10:00"", ""next_inspection"": null, ""web_link"": ""https://tcof.com.au/wp-content/uploads/2026/08/Parade-Road-Closure-Map-2026.pdf"", ""alert_message"": null}",MultiLineString,4,0.0,high,matched,"line: blocked 4 of 20 candidate edge(s) within 10m; name-confirmed=0; distance-body=4; rejected endpoint-no-bleed=2, cross/short-touch=14; no graph road-name match; used strict distance-only body matching",https://api.qldtraffic.qld.gov.au/v2/events/828634
all_blocking,qld.qldtraffic.087c678ea79af40866e0,qldtraffic,road_closed,impassable,active,unknown,,Hume Street / Neil Street / Chalk Drive / Hume Street,Toowoomba City,Grand Central Floral Parade | Road closed to all traffic,Changed traffic conditions,828636,Changed traffic conditions,Special event,N/A,Closures,Road closed to all traffic,"{""id"": 828636, ""area_alert"": false, ""status"": ""Published"", ""published"": ""2026-09-19T05:00:00+10:00"", ""source"": {""source_name"": ""Guardian"", ""source_id"": ""b0c09880-5a15-4c63-9440-136153035e68"", ""account"": ""36910"", ""provided_by"": ""Toowoomba Regional"", ""provided_by_url"": ""http://www.tr.qld.gov.au/community-business/community-safety""}, ""url"": ""https://api.qldtraffic.qld.gov.au/v2/events/828636"", ""image"": null, ""event_type"": ""Special event"", ""event_subtype"": ""N/A"", ""event_due_to"": null, ""impact"": {""direction"": ""All directions"", ""towards"": null, ""impact_type"": ""Closures"", ""impact_subtype"": ""Road closed to all traffic"", ""delay"": """"}, ""duration"": {""start"": ""2026-09-19T05:00:00+10:00"", ""end"": ""2026-09-19T14:00:00+10:00"", ""active_days"": null, ""recurrences"": null}, ""event_priority"": ""Medium"", ""description"": ""Grand Central Floral Parade"", ""advice"": ""Changed traffic conditions"", ""information"": null, ""road_summary"": {""road_name"": ""Hume Street / Neil Street / Chalk Drive / Hume Street"", ""locality"": ""Toowoomba City"", ""postcode"": ""4350"", ""local_government_area"": ""Toowoomba Regional"", ""district"": ""Darling Downs""}, ""last_updated"": ""2026-09-19T07:14:12.504581+10:00"", ""next_inspection"": null, ""web_link"": ""https://tcof.com.au/wp-content/uploads/2026/08/Parade-Road-Closure-Map-2026.pdf"", ""alert_message"": null}",MultiLineString,12,0.0,high,matched,"line: blocked 8 of 26 candidate edge(s) within 10m; name-confirmed=0; distance-body=8; rejected endpoint-no-bleed=6, cross/short-touch=12; no graph road-name match; used strict distance-only body matching; line: blocked 2 of 8 candidate edge(s) within 10m; name-confirmed=0; distance-body=2; rejected endpoint-no-bleed=4, cross/short-touch=2; no graph road-name match; used strict distance-only body matching; line: blocked 8 of 36 candidate edge(s) within 10m; name-confirmed=0; distance-body=8; rejected endpoint-no-bleed=2, cross/short-touch=24, angle-mismatch=2; no graph road-name match; used strict distance-only body matching",https://api.qldtraffic.qld.gov.au/v2/events/828636
all_blocking,qld.qldtraffic.803556fa6f7a85d446e9,qldtraffic,road_closed,impassable,active,unknown,,Bowen Street / Bell Street / Hume Street,Toowoomba City,Grand Central Floral Parade | Road closed to all traffic,Changed traffic conditions,828638,Changed traffic conditions,Special event,N/A,Closures,Road closed to all traffic,"{""id"": 828638, ""area_alert"": false, ""status"": ""Published"", ""published"": ""2026-09-19T05:00:00+10:00"", ""source"": {""source_name"": ""Guardian"", ""source_id"": ""7b26e18a-4864-4c34-877c-abd3a6337c43"", ""account"": ""36910"", ""provided_by"": ""Toowoomba Regional"", ""provided_by_url"": ""http://www.tr.qld.gov.au/community-business/community-safety""}, ""url"": ""https://api.qldtraffic.qld.gov.au/v2/events/828638"", ""image"": null, ""event_type"": ""Special event"", ""event_subtype"": ""N/A"", ""event_due_to"": null, ""impact"": {""direction"": ""All directions"", ""towards"": null, ""impact_type"": ""Closures"", ""impact_subtype"": ""Road closed to all traffic"", ""delay"": """"}, ""duration"": {""start"": ""2026-09-19T05:00:00+10:00"", ""end"": ""2026-09-19T14:00:00+10:00"", ""active_days"": null, ""recurrences"": null}, ""event_priority"": ""Medium"", ""description"": ""Grand Central Floral Parade"", ""advice"": ""Changed traffic conditions"", ""information"": null, ""road_summary"": {""road_name"": ""Bowen Street / Bell Street / Hume Street"", ""locality"": ""Toowoomba City"", ""postcode"": ""4350"", ""local_government_area"": ""Toowoomba Regional"", ""district"": ""Darling Downs""}, ""last_updated"": ""2026-09-19T07:16:01.570719+10:00"", ""next_inspection"": null, ""web_link"": ""https://tcof.com.au/wp-content/uploads/2026/08/Parade-Road-Closure-Map-2026.pdf"", ""alert_message"": null}",MultiLineString,12,0.0,high,matched,"line: blocked 12 of 46 candidate edge(s) within 10m; name-confirmed=0; distance-body=12; rejected endpoint-no-bleed=6, cross/short-touch=28; no graph road-name match; used strict distance-only body matching",https://api.qldtraffic.qld.gov.au/v2/events/828638
all_blocking,qld.qldtraffic.673d6f60b9239afbe3b2,qldtraffic,road_closed,impassable,active,unknown,,Neil Street / Bell Street,Toowoomba City,Grand Central Floral Parade | Road closed to all traffic,Changed traffic conditions,828639,Changed traffic conditions,Special event,N/A,Closures,Road closed to all traffic,"{""id"": 828639, ""area_alert"": false, ""status"": ""Published"", ""published"": ""2026-09-19T05:00:00+10:00"", ""source"": {""source_name"": ""Guardian"", ""source_id"": ""f1859d30-9833-4774-bf88-49d38c8fba39"", ""account"": ""36910"", ""provided_by"": ""Toowoomba Regional"", ""provided_by_url"": ""http://www.tr.qld.gov.au/community-business/community-safety""}, ""url"": ""https://api.qldtraffic.qld.gov.au/v2/events/828639"", ""image"": null, ""event_type"": ""Special event"", ""event_subtype"": ""N/A"", ""event_due_to"": null, ""impact"": {""direction"": ""All directions"", ""towards"": null, ""impact_type"": ""Closures"", ""impact_subtype"": ""Road closed to all traffic"", ""delay"": """"}, ""duration"": {""start"": ""2026-09-19T05:00:00+10:00"", ""end"": ""2026-09-19T14:00:00+10:00"", ""active_days"": null, ""recurrences"": null}, ""event_priority"": ""Medium"", ""description"": ""Grand Central Floral Parade"", ""advice"": ""Changed traffic conditions"", ""information"": null, ""road_summary"": {""road_name"": ""Neil Street / Bell Street"", ""locality"": ""Toowoomba City"", ""postcode"": ""4350"", ""local_government_area"": ""Toowoomba Regional"", ""district"": ""Darling Downs""}, ""last_updated"": ""2026-09-19T07:16:02.704012+10:00"", ""next_inspection"": null, ""web_link"": ""https://tcof.com.au/wp-content/uploads/2026/08/Parade-Road-Closure-Map-2026.pdf"", ""alert_message"": null}",MultiLineString,2,0.0,high,matched,line: blocked 2 of 20 candidate edge(s) within 10m; name-confirmed=0; distance-body=2; rejected cross/short-touch=18; no graph road-name match; used strict distance-only body matching,https://api.qldtraffic.qld.gov.au/v2/events/828639
all_blocking,qld.qldtraffic.6b5285e3b2d0b65aa8f1,qldtraffic,road_closed,impassable,active,unknown,,Neil Street / Margaret Street / Hume Street,Toowoomba City,Grand Central Floral Parade | Road closed to all traffic,Changed traffic conditions,828641,Changed traffic conditions,Special event,N/A,Closures,Road closed to all traffic,"{""id"": 828641, ""area_alert"": false, ""status"": ""Published"", ""published"": ""2026-09-19T05:00:00+10:00"", ""source"": {""source_name"": ""Guardian"", ""source_id"": ""d438fc46-903e-4193-bf80-2503a28496f1"", ""account"": ""36910"", ""provided_by"": ""Toowoomba Regional"", ""provided_by_url"": ""http://www.tr.qld.gov.au/community-business/community-safety""}, ""url"": ""https://api.qldtraffic.qld.gov.au/v2/events/828641"", ""image"": null, ""event_type"": ""Special event"", ""event_subtype"": ""N/A"", ""event_due_to"": null, ""impact"": {""direction"": ""All directions"", ""towards"": null, ""impact_type"": ""Closures"", ""impact_subtype"": ""Road closed to all traffic"", ""delay"": """"}, ""duration"": {""start"": ""2026-09-19T05:00:00+10:00"", ""end"": ""2026-09-19T14:00:00+10:00"", ""active_days"": null, ""recurrences"": null}, ""event_priority"": ""Medium"", ""description"": ""Grand Central Floral Parade"", ""advice"": ""Changed traffic conditions"", ""information"": null, ""road_summary"": {""road_name"": ""Neil Street / Margaret Street / Hume Street"", ""locality"": ""Toowoomba City"", ""postcode"": ""4350"", ""local_government_area"": ""Toowoomba Regional"", ""district"": ""Darling Downs""}, ""last_updated"": ""2026-09-19T07:16:04.445702+10:00"", ""next_inspection"": null, ""web_link"": ""https://tcof.com.au/wp-content/uploads/2026/08/Parade-Road-Closure-Map-2026.pdf"", ""alert_message"": null}",MultiLineString,16,0.0,high,matched,"line: blocked 16 of 50 candidate edge(s) within 10m; name-confirmed=0; distance-body=16; rejected endpoint-no-bleed=2, cross/short-touch=32; no graph road-name match; used strict distance-only body matching",https://api.qldtraffic.qld.gov.au/v2/events/828641
all_blocking,qld.qldtraffic.b6de4bfe2ac9c40263b0,qldtraffic,road_closed,impassable,active,unknown,,Margaret Street,Toowoomba City,Grand Central Floral Parade | Road closed to all traffic,Changed traffic conditions,828642,Changed traffic conditions,Special event,N/A,Closures,Road closed to all traffic,"{""id"": 828642, ""area_alert"": false, ""status"": ""Published"", ""published"": ""2026-09-19T05:00:00+10:00"", ""source"": {""source_name"": ""Guardian"", ""source_id"": ""b5576f67-ec8d-47a1-abac-d5af98956006"", ""account"": ""36910"", ""provided_by"": ""Toowoomba Regional"", ""provided_by_url"": ""http://www.tr.qld.gov.au/community-business/community-safety""}, ""url"": ""https://api.qldtraffic.qld.gov.au/v2/events/828642"", ""image"": null, ""event_type"": ""Special event"", ""event_subtype"": ""N/A"", ""event_due_to"": null, ""impact"": {""direction"": ""All directions"", ""towards"": null, ""impact_type"": ""Closures"", ""impact_subtype"": ""Road closed to all traffic"", ""delay"": """"}, ""duration"": {""start"": ""2026-09-19T05:00:00+10:00"", ""end"": ""2026-09-19T14:00:00+10:00"", ""active_days"": null, ""recurrences"": null}, ""event_priority"": ""Medium"", ""description"": ""Grand Central Floral Parade"", ""advice"": ""Changed traffic conditions"", ""information"": null, ""road_summary"": {""road_name"": ""Margaret Street"", ""locality"": ""Toowoomba City"", ""postcode"": ""4350"", ""local_government_area"": ""Toowoomba Regional"", ""district"": ""Darling Downs""}, ""last_updated"": ""2026-09-19T07:16:05.879107+10:00"", ""next_inspection"": null, ""web_link"": ""https://tcof.com.au/wp-content/uploads/2026/08/Parade-Road-Closure-Map-2026.pdf"", ""alert_message"": null}",MultiLineString,2,0.0,high,matched,line: blocked 2 of 8 candidate edge(s) within 10m; name-confirmed=0; distance-body=2; rejected cross/short-touch=6; no graph road-name match; used strict distance-only body matching,https://api.qldtraffic.qld.gov.au/v2/events/828642
all_blocking,qld.qldtraffic.be146c23c1efe46d6727,qldtraffic,road_closed,impassable,active,unknown,,Neil Street / Douglas Street / State Route 85,East Toowoomba / Toowoomba City,Grand Central Floral Parade | Road closed to all traffic,Changed traffic conditions,828643,Changed traffic conditions,Special event,N/A,Closures,Road closed to all traffic,"{""id"": 828643, ""area_alert"": false, ""status"": ""Published"", ""published"": ""2026-09-19T05:00:00+10:00"", ""source"": {""source_name"": ""Guardian"", ""source_id"": ""b9beb76b-16c1-4cc5-8b26-8e5daa9c759e"", ""account"": ""36910"", ""provided_by"": ""Toowoomba Regional"", ""provided_by_url"": ""http://www.tr.qld.gov.au/community-business/community-safety""}, ""url"": ""https://api.qldtraffic.qld.gov.au/v2/events/828643"", ""image"": null, ""event_type"": ""Special event"", ""event_subtype"": ""N/A"", ""event_due_to"": null, ""impact"": {""direction"": ""All directions"", ""towards"": null, ""impact_type"": ""Closures"", ""impact_subtype"": ""Road closed to all traffic"", ""delay"": """"}, ""duration"": {""start"": ""2026-09-19T05:00:00+10:00"", ""end"": ""2026-09-19T14:00:00+10:00"", ""active_days"": null, ""recurrences"": null}, ""event_priority"": ""Medium"", ""description"": ""Grand Central Floral Parade"", ""advice"": ""Changed traffic conditions"", ""information"": null, ""road_summary"": {""road_name"": ""Neil Street / Douglas Street / State Route 85"", ""locality"": ""East Toowoomba / Toowoomba City"", ""postcode"": ""4350"", ""local_government_area"": ""Toowoomba Regional"", ""district"": ""Darling Downs""}, ""last_updated"": ""2026-09-19T07:18:01.748244+10:00"", ""next_inspection"": null, ""web_link"": ""https://tcof.com.au/wp-content/uploads/2026/08/Parade-Road-Closure-Map-2026.pdf"", ""alert_message"": null}",MultiLineString,8,0.0,high,matched,"line: blocked 8 of 24 candidate edge(s) within 10m; name-confirmed=0; distance-body=8; rejected endpoint-no-bleed=2, cross/short-touch=14; no graph road-name match; used strict distance-only body matching",https://api.qldtraffic.qld.gov.au/v2/events/828643
all_blocking,qld.qldtraffic.39c4b92844acbc29fdb3,qldtraffic,road_closed,impassable,active,unknown,,Douglas Street / Thorn Street,Toowoomba City,Grand Central Floral Parade | Road closed to all traffic,Changed traffic conditions,828645,Changed traffic conditions,Special event,N/A,Closures,Road closed to all traffic,"{""id"": 828645, ""area_alert"": false, ""status"": ""Published"", ""published"": ""2026-09-19T05:00:00+10:00"", ""source"": {""source_name"": ""Guardian"", ""source_id"": ""649466f4-e548-4fca-93d6-d8dc72ae2c17"", ""account"": ""36910"", ""provided_by"": ""Toowoomba Regional"", ""provided_by_url"": ""http://www.tr.qld.gov.au/community-business/community-safety""}, ""url"": ""https://api.qldtraffic.qld.gov.au/v2/events/828645"", ""image"": null, ""event_type"": ""Special event"", ""event_subtype"": ""N/A"", ""event_due_to"": null, ""impact"": {""direction"": ""All directions"", ""towards"": null, ""impact_type"": ""Closures"", ""impact_subtype"": ""Road closed to all traffic"", ""delay"": """"}, ""duration"": {""start"": ""2026-09-19T05:00:00+10:00"", ""end"": ""2026-09-19T14:00:00+10:00"", ""active_days"": null, ""recurrences"": null}, ""event_priority"": ""Medium"", ""description"": ""Grand Central Floral Parade"", ""advice"": ""Changed traffic conditions"", ""information"": null, ""road_summary"": {""road_name"": ""Douglas Street / Thorn Street"", ""locality"": ""Toowoomba City"", ""postcode"": ""4350"", ""local_government_area"": ""Toowoomba Regional"", ""district"": ""Darling Downs""}, ""last_updated"": ""2026-09-19T07:18:02.884185+10:00"", ""next_inspection"": null, ""web_link"": ""https://tcof.com.au/wp-content/uploads/2026/08/Parade-Road-Closure-Map-2026.pdf"", ""alert_message"": null}",MultiLineString,2,0.0,high,matched,line: blocked 2 of 10 candidate edge(s) within 10m; name-confirmed=0; distance-body=2; rejected cross/short-touch=8; no graph road-name match; used strict distance-only body matching,https://api.qldtraffic.qld.gov.au/v2/events/828645
all_blocking,qld.qldtraffic.710a7ab9db7b41121b4d,qldtraffic,road_closed,impassable,active,unknown,,Neil Street / Herries Street / Hume Street,East Toowoomba / Toowoomba City,Grand Central Floral Parade | Road closed to all traffic,Changed traffic conditions,828646,Changed traffic conditions,Special event,N/A,Closures,Road closed to all traffic,"{""id"": 828646, ""area_alert"": false, ""status"": ""Published"", ""published"": ""2026-09-19T05:00:00+10:00"", ""source"": {""source_name"": ""Guardian"", ""source_id"": ""36dacbbd-d564-4992-9c30-95eff3eb734d"", ""account"": ""36910"", ""provided_by"": ""Toowoomba Regional"", ""provided_by_url"": ""http://www.tr.qld.gov.au/community-business/community-safety""}, ""url"": ""https://api.qldtraffic.qld.gov.au/v2/events/828646"", ""image"": null, ""event_type"": ""Special event"", ""event_subtype"": ""N/A"", ""event_due_to"": null, ""impact"": {""direction"": ""All directions"", ""towards"": null, ""impact_type"": ""Closures"", ""impact_subtype"": ""Road closed to all traffic"", ""delay"": """"}, ""duration"": {""start"": ""2026-09-19T05:00:00+10:00"", ""end"": ""2026-09-19T14:00:00+10:00"", ""active_days"": null, ""recurrences"": null}, ""event_priority"": ""Medium"", ""description"": ""Grand Central Floral Parade"", ""advice"": ""Changed traffic conditions"", ""information"": null, ""road_summary"": {""road_name"": ""Neil Street / Herries Street / Hume Street"", ""locality"": ""East Toowoomba / Toowoomba City"", ""postcode"": ""4350"", ""local_government_area"": ""Toowoomba Regional"", ""district"": ""Darling Downs""}, ""last_updated"": ""2026-09-19T07:18:04.243635+10:00"", ""next_inspection"": null, ""web_link"": ""https://tcof.com.au/wp-content/uploads/2026/08/Parade-Road-Closure-Map-2026.pdf"", ""alert_message"": null}",MultiLineString,18,0.0,high,matched,"line: blocked 18 of 50 candidate edge(s) within 10m; name-confirmed=0; distance-body=18; rejected endpoint-no-bleed=6, cross/short-touch=26; no graph road-name match; used strict distance-only body matching",https://api.qldtraffic.qld.gov.au/v2/events/828646
all_blocking,qld.qldtraffic.af3fce0f9326b2386d72,qldtraffic,road_closed,impassable,active,unknown,,Eton Street / Phillip Street / Herries Street,East Toowoomba,Grand Central Floral Parade | Road closed to all traffic,Changed traffic conditions,828649,Changed traffic conditions,Special event,N/A,Closures,Road closed to all traffic,"{""id"": 828649, ""area_alert"": false, ""status"": ""Published"", ""published"": ""2026-09-19T05:00:00+10:00"", ""source"": {""source_name"": ""Guardian"", ""source_id"": ""907ec8d6-119e-4375-822b-4306297619c5"", ""account"": ""36910"", ""provided_by"": ""Toowoomba Regional"", ""provided_by_url"": ""http://www.tr.qld.gov.au/community-business/community-safety""}, ""url"": ""https://api.qldtraffic.qld.gov.au/v2/events/828649"", ""image"": null, ""event_type"": ""Special event"", ""event_subtype"": ""N/A"", ""event_due_to"": null, ""impact"": {""direction"": ""All directions"", ""towards"": null, ""impact_type"": ""Closures"", ""impact_subtype"": ""Road closed to all traffic"", ""delay"": """"}, ""duration"": {""start"": ""2026-09-19T05:00:00+10:00"", ""end"": ""2026-09-19T14:00:00+10:00"", ""active_days"": null, ""recurrences"": null}, ""event_priority"": ""Medium"", ""description"": ""Grand Central Floral Parade"", ""advice"": ""Changed traffic conditions"", ""information"": null, ""road_summary"": {""road_name"": ""Eton Street / Phillip Street / Herries Street"", ""locality"": ""East Toowoomba"", ""postcode"": ""4350"", ""local_government_area"": ""Toowoomba Regional"", ""district"": ""Darling Downs""}, ""last_updated"": ""2026-09-19T07:20:02.302807+10:00"", ""next_inspection"": null, ""web_link"": ""https://tcof.com.au/wp-content/uploads/2026/08/Parade-Road-Closure-Map-2026.pdf"", ""alert_message"": null}",MultiLineString,10,0.0,high,matched,"line: blocked 10 of 38 candidate edge(s) within 10m; name-confirmed=0; distance-body=10; rejected endpoint-no-bleed=4, cross/short-touch=24; no graph road-name match; used strict distance-only body matching",https://api.qldtraffic.qld.gov.au/v2/events/828649
all_blocking,qld.qldtraffic.97986a90cde9cf18fe37,qldtraffic,road_closed,impassable,active,unknown,,Hume Street / Phillip Street,East Toowoomba / Toowoomba City,Grand Central Floral Parade | Road closed to all traffic,Changed traffic conditions,828651,Changed traffic conditions,Special event,N/A,Closures,Road closed to all traffic,"{""id"": 828651, ""area_alert"": false, ""status"": ""Published"", ""published"": ""2026-09-19T05:00:00+10:00"", ""source"": {""source_name"": ""Guardian"", ""source_id"": ""822c5309-3254-4c32-bd90-3b26d7ef2090"", ""account"": ""36910"", ""provided_by"": ""Toowoomba Regional"", ""provided_by_url"": ""http://www.tr.qld.gov.au/community-business/community-safety""}, ""url"": ""https://api.qldtraffic.qld.gov.au/v2/events/828651"", ""image"": null, ""event_type"": ""Special event"", ""event_subtype"": ""N/A"", ""event_due_to"": null, ""impact"": {""direction"": ""All directions"", ""towards"": null, ""impact_type"": ""Closures"", ""impact_subtype"": ""Road closed to all traffic"", ""delay"": """"}, ""duration"": {""start"": ""2026-09-19T05:00:00+10:00"", ""end"": ""2026-09-19T14:00:00+10:00"", ""active_days"": null, ""recurrences"": null}, ""event_priority"": ""Medium"", ""description"": ""Grand Central Floral Parade"", ""advice"": ""Changed traffic conditions"", ""information"": null, ""road_summary"": {""road_name"": ""Hume Street / Phillip Street"", ""locality"": ""East Toowoomba / Toowoomba City"", ""postcode"": ""4350"", ""local_government_area"": ""Toowoomba Regional"", ""district"": ""Darling Downs""}, ""last_updated"": ""2026-09-19T07:20:03.593999+10:00"", ""next_inspection"": null, ""web_link"": ""https://tcof.com.au/wp-content/uploads/2026/08/Parade-Road-Closure-Map-2026.pdf"", ""alert_message"": null}",MultiLineString,2,0.2,high,matched,line: blocked 2 of 12 candidate edge(s) within 10m; name-confirmed=0; distance-body=2; rejected cross/short-touch=10; no graph road-name match; used strict distance-only body matching,https://api.qldtraffic.qld.gov.au/v2/events/828651
all_blocking,qld.qldtraffic.c218fbd81c17f6061ef2,qldtraffic,road_closed,impassable,active,unknown,,A3 / Garget Street / Phillip Street,East Toowoomba,Grand Central Floral Parade | Road closed to all traffic,Changed traffic conditions,828653,Changed traffic conditions,Special event,N/A,Closures,Road closed to all traffic,"{""id"": 828653, ""area_alert"": false, ""status"": ""Published"", ""published"": ""2026-09-19T05:00:00+10:00"", ""source"": {""source_name"": ""Guardian"", ""source_id"": ""655d997a-8fef-4ecf-bf8c-2fe0d15d49e4"", ""account"": ""36910"", ""provided_by"": ""Toowoomba Regional"", ""provided_by_url"": ""http://www.tr.qld.gov.au/community-business/community-safety""}, ""url"": ""https://api.qldtraffic.qld.gov.au/v2/events/828653"", ""image"": null, ""event_type"": ""Special event"", ""event_subtype"": ""N/A"", ""event_due_to"": null, ""impact"": {""direction"": ""All directions"", ""towards"": null, ""impact_type"": ""Closures"", ""impact_subtype"": ""Road closed to all traffic"", ""delay"": """"}, ""duration"": {""start"": ""2026-09-19T05:00:00+10:00"", ""end"": ""2026-09-19T14:00:00+10:00"", ""active_days"": null, ""recurrences"": null}, ""event_priority"": ""Medium"", ""description"": ""Grand Central Floral Parade"", ""advice"": ""Changed traffic conditions"", ""information"": null, ""road_summary"": {""road_name"": ""A3 / Garget Street / Phillip Street"", ""locality"": ""East Toowoomba"", ""postcode"": ""4350"", ""local_government_area"": ""Toowoomba Regional"", ""district"": ""Darling Downs""}, ""last_updated"": ""2026-09-19T07:22:01.796472+10:00"", ""next_inspection"": null, ""web_link"": ""https://tcof.com.au/wp-content/uploads/2026/08/Parade-Road-Closure-Map-2026.pdf"", ""alert_message"": null}",MultiLineString,10,0.0,high,matched,"line: blocked 10 of 40 candidate edge(s) within 10m; name-confirmed=0; distance-body=10; rejected endpoint-no-bleed=4, cross/short-touch=26; no graph road-name match; used strict distance-only body matching",https://api.qldtraffic.qld.gov.au/v2/events/828653
all_blocking,qld.qldtraffic.4bf822992c74186d253c,qldtraffic,road_closed,impassable,active,unknown,,Herries Street / Garget Street,East Toowoomba / Toowoomba City,Grand Central Floral Parade | Road closed to all traffic,Changed traffic conditions,828654,Changed traffic conditions,Special event,N/A,Closures,Road closed to all traffic,"{""id"": 828654, ""area_alert"": false, ""status"": ""Published"", ""published"": ""2026-09-19T05:00:00+10:00"", ""source"": {""source_name"": ""Guardian"", ""source_id"": ""d9f69d4d-5978-483f-bee5-008bdceb4f96"", ""account"": ""36910"", ""provided_by"": ""Toowoomba Regional"", ""provided_by_url"": ""http://www.tr.qld.gov.au/community-business/community-safety""}, ""url"": ""https://api.qldtraffic.qld.gov.au/v2/events/828654"", ""image"": null, ""event_type"": ""Special event"", ""event_subtype"": ""N/A"", ""event_due_to"": null, ""impact"": {""direction"": ""All directions"", ""towards"": null, ""impact_type"": ""Closures"", ""impact_subtype"": ""Road closed to all traffic"", ""delay"": """"}, ""duration"": {""start"": ""2026-09-19T05:00:00+10:00"", ""end"": ""2026-09-19T14:00:00+10:00"", ""active_days"": null, ""recurrences"": null}, ""event_priority"": ""Medium"", ""description"": ""Grand Central Floral Parade"", ""advice"": ""Changed traffic conditions"", ""information"": null, ""road_summary"": {""road_name"": ""Herries Street / Garget Street"", ""locality"": ""East Toowoomba / Toowoomba City"", ""postcode"": ""4350"", ""local_government_area"": ""Toowoomba Regional"", ""district"": ""Darling Downs""}, ""last_updated"": ""2026-09-19T07:22:03.059591+10:00"", ""next_inspection"": null, ""web_link"": ""https://tcof.com.au/wp-content/uploads/2026/08/Parade-Road-Closure-Map-2026.pdf"", ""alert_message"": null}",MultiLineString,8,0.0,high,matched,"line: blocked 8 of 36 candidate edge(s) within 10m; name-confirmed=0; distance-body=8; rejected endpoint-no-bleed=4, cross/short-touch=24; no graph road-name match; used strict distance-only body matching",https://api.qldtraffic.qld.gov.au/v2/events/828654
all_blocking,qld.qldtraffic.77d000e31239e58f3143,qldtraffic,road_closed,impassable,active,unknown,,Garget Street / Herries Street,East Toowoomba,Grand Central Floral Parade | Road closed to all traffic,Changed traffic conditions,828656,Changed traffic conditions,Special event,N/A,Closures,Road closed to all traffic,"{""id"": 828656, ""area_alert"": false, ""status"": ""Published"", ""published"": ""2026-09-19T05:00:00+10:00"", ""source"": {""source_name"": ""Guardian"", ""source_id"": ""806e68bf-69c7-403a-baa5-68ff0b289b3c"", ""account"": ""36910"", ""provided_by"": ""Toowoomba Regional"", ""provided_by_url"": ""http://www.tr.qld.gov.au/community-business/community-safety""}, ""url"": ""https://api.qldtraffic.qld.gov.au/v2/events/828656"", ""image"": null, ""event_type"": ""Special event"", ""event_subtype"": ""N/A"", ""event_due_to"": null, ""impact"": {""direction"": ""All directions"", ""towards"": null, ""impact_type"": ""Closures"", ""impact_subtype"": ""Road closed to all traffic"", ""delay"": """"}, ""duration"": {""start"": ""2026-09-19T05:00:00+10:00"", ""end"": ""2026-09-19T14:00:00+10:00"", ""active_days"": null, ""recurrences"": null}, ""event_priority"": ""Medium"", ""description"": ""Grand Central Floral Parade"", ""advice"": ""Changed traffic conditions"", ""information"": null, ""road_summary"": {""road_name"": ""Garget Street / Herries Street"", ""locality"": ""East Toowoomba"", ""postcode"": ""4350"", ""local_government_area"": ""Toowoomba Regional"", ""district"": ""Darling Downs""}, ""last_updated"": ""2026-09-19T07:22:04.910058+10:00"", ""next_inspection"": null, ""web_link"": ""https://tcof.com.au/wp-content/uploads/2026/08/Parade-Road-Closure-Map-2026.pdf"", ""alert_message"": null}",MultiLineString,2,0.0,high,matched,"line: blocked 2 of 8 candidate edge(s) within 10m; name-confirmed=0; distance-body=2; rejected endpoint-no-bleed=2, cross/short-touch=4; no graph road-name match; used strict distance-only body matching",https://api.qldtraffic.qld.gov.au/v2/events/828656
all_blocking,qld.qldtraffic.165d0d3247a2eff86e34,qldtraffic,road_closed,impassable,active,unknown,,Phillip Street / Geddes Street,East Toowoomba,Grand Central Floral Parade | Road closed to all traffic,Changed traffic conditions,828657,Changed traffic conditions,Special event,N/A,Closures,Road closed to all traffic,"{""id"": 828657, ""area_alert"": false, ""status"": ""Published"", ""published"": ""2026-09-19T05:00:00+10:00"", ""source"": {""source_name"": ""Guardian"", ""source_id"": ""b6891e12-f26f-442c-a67b-9ed193629a26"", ""account"": ""36910"", ""provided_by"": ""Toowoomba Regional"", ""provided_by_url"": ""http://www.tr.qld.gov.au/community-business/community-safety""}, ""url"": ""https://api.qldtraffic.qld.gov.au/v2/events/828657"", ""image"": null, ""event_type"": ""Special event"", ""event_subtype"": ""N/A"", ""event_due_to"": null, ""impact"": {""direction"": ""All directions"", ""towards"": null, ""impact_type"": ""Closures"", ""impact_subtype"": ""Road closed to all traffic"", ""delay"": """"}, ""duration"": {""start"": ""2026-09-19T05:00:00+10:00"", ""end"": ""2026-09-19T14:00:00+10:00"", ""active_days"": null, ""recurrences"": null}, ""event_priority"": ""Medium"", ""description"": ""Grand Central Floral Parade"", ""advice"": ""Changed traffic conditions"", ""information"": null, ""road_summary"": {""road_name"": ""Phillip Street / Geddes Street"", ""locality"": ""East Toowoomba"", ""postcode"": ""4350"", ""local_government_area"": ""Toowoomba Regional"", ""district"": ""Darling Downs""}, ""last_updated"": ""2026-09-19T07:22:06.97477+10:00"", ""next_inspection"": null, ""web_link"": ""https://tcof.com.au/wp-content/uploads/2026/08/Parade-Road-Closure-Map-2026.pdf"", ""alert_message"": null}",MultiLineString,2,0.0,high,matched,line: blocked 2 of 6 candidate edge(s) within 10m; name-confirmed=0; distance-body=2; rejected cross/short-touch=4; no graph road-name match; used strict distance-only body matching,https://api.qldtraffic.qld.gov.au/v2/events/828657
all_blocking,qld.qldtraffic.4194af0e574619b193b3,qldtraffic,road_closed,impassable,active,unknown,,Phillip Street / Herries Street,East Toowoomba,Grand Central Floral Parade | Road closed to all traffic,Changed traffic conditions,828659,Changed traffic conditions,Special event,N/A,Closures,Road closed to all traffic,"{""id"": 828659, ""area_alert"": false, ""status"": ""Published"", ""published"": ""2026-09-19T05:00:00+10:00"", ""source"": {""source_name"": ""Guardian"", ""source_id"": ""8da7ba74-26bb-4860-a70d-3f0abc64bc0c"", ""account"": ""36910"", ""provided_by"": ""Toowoomba Regional"", ""provided_by_url"": ""http://www.tr.qld.gov.au/community-business/community-safety""}, ""url"": ""https://api.qldtraffic.qld.gov.au/v2/events/828659"", ""image"": null, ""event_type"": ""Special event"", ""event_subtype"": ""N/A"", ""event_due_to"": null, ""impact"": {""direction"": ""All directions"", ""towards"": null, ""impact_type"": ""Closures"", ""impact_subtype"": ""Road closed to all traffic"", ""delay"": """"}, ""duration"": {""start"": ""2026-09-19T05:00:00+10:00"", ""end"": ""2026-09-19T14:00:00+10:00"", ""active_days"": null, ""recurrences"": null}, ""event_priority"": ""Medium"", ""description"": ""Grand Central Floral Parade"", ""advice"": ""Changed traffic conditions"", ""information"": null, ""road_summary"": {""road_name"": ""Phillip Street / Herries Street"", ""locality"": ""East Toowoomba"", ""postcode"": ""4350"", ""local_government_area"": ""Toowoomba Regional"", ""district"": ""Darling Downs""}, ""last_updated"": ""2026-09-19T07:22:08.151504+10:00"", ""next_inspection"": null, ""web_link"": ""https://tcof.com.au/wp-content/uploads/2026/08/Parade-Road-Closure-Map-2026.pdf"", ""alert_message"": null}",MultiLineString,2,0.0,high,matched,line: blocked 2 of 6 candidate edge(s) within 10m; name-confirmed=0; distance-body=2; rejected cross/short-touch=4; no graph road-name match; used strict distance-only body matching,https://api.qldtraffic.qld.gov.au/v2/events/828659
all_blocking,qld.qldtraffic.728e6c0f2bd5a3e51b3c,qldtraffic,road_closed,impassable,active,unknown,,Victor Street / Herries Street,East Toowoomba,Grand Central Floral Parade | Road closed to all traffic,Changed traffic conditions,828660,Changed traffic conditions,Special event,N/A,Closures,Road closed to all traffic,"{""id"": 828660, ""area_alert"": false, ""status"": ""Published"", ""published"": ""2026-09-19T05:00:00+10:00"", ""source"": {""source_name"": ""Guardian"", ""source_id"": ""1ad372f0-43de-4193-98d5-aee011fcbe3a"", ""account"": ""36910"", ""provided_by"": ""Toowoomba Regional"", ""provided_by_url"": ""http://www.tr.qld.gov.au/community-business/community-safety""}, ""url"": ""https://api.qldtraffic.qld.gov.au/v2/events/828660"", ""image"": null, ""event_type"": ""Special event"", ""event_subtype"": ""N/A"", ""event_due_to"": null, ""impact"": {""direction"": ""All directions"", ""towards"": null, ""impact_type"": ""Closures"", ""impact_subtype"": ""Road closed to all traffic"", ""delay"": """"}, ""duration"": {""start"": ""2026-09-19T05:00:00+10:00"", ""end"": ""2026-09-19T14:00:00+10:00"", ""active_days"": null, ""recurrences"": null}, ""event_priority"": ""Medium"", ""description"": ""Grand Central Floral Parade"", ""advice"": ""Changed traffic conditions"", ""information"": null, ""road_summary"": {""road_name"": ""Victor Street / Herries Street"", ""locality"": ""East Toowoomba"", ""postcode"": ""4350"", ""local_government_area"": ""Toowoomba Regional"", ""district"": ""Darling Downs""}, ""last_updated"": ""2026-09-19T07:22:10.985774+10:00"", ""next_inspection"": null, ""web_link"": ""https://tcof.com.au/wp-content/uploads/2026/08/Parade-Road-Closure-Map-2026.pdf"", ""alert_message"": null}",MultiLineString,2,0.0,high,matched,"line: blocked 2 of 6 candidate edge(s) within 10m; name-confirmed=0; distance-body=2; rejected endpoint-no-bleed=2, cross/short-touch=2; no graph road-name match; used strict distance-only body matching",https://api.qldtraffic.qld.gov.au/v2/events/828660
all_blocking,qld.qldtraffic.37f73de3847c810fe630,qldtraffic,road_closed,impassable,active,unknown,,Hume Street / Phillip Street,East Toowoomba / Toowoomba City,Grand Central Floral Parade | Road closed to all traffic,Changed traffic conditions,828661,Changed traffic conditions,Special event,N/A,Closures,Road closed to all traffic,"{""id"": 828661, ""area_alert"": false, ""status"": ""Published"", ""published"": ""2026-09-19T05:00:00+10:00"", ""source"": {""source_name"": ""Guardian"", ""source_id"": ""c2ba46c3-574f-4ae0-8402-d81e4341b3b9"", ""account"": ""36910"", ""provided_by"": ""Toowoomba Regional"", ""provided_by_url"": ""http://www.tr.qld.gov.au/community-business/community-safety""}, ""url"": ""https://api.qldtraffic.qld.gov.au/v2/events/828661"", ""image"": null, ""event_type"": ""Special event"", ""event_subtype"": ""N/A"", ""event_due_to"": null, ""impact"": {""direction"": ""All directions"", ""towards"": null, ""impact_type"": ""Closures"", ""impact_subtype"": ""Road closed to all traffic"", ""delay"": """"}, ""duration"": {""start"": ""2026-09-19T05:00:00+10:00"", ""end"": ""2026-09-19T14:00:00+10:00"", ""active_days"": null, ""recurrences"": null}, ""event_priority"": ""Medium"", ""description"": ""Grand Central Floral Parade"", ""advice"": ""Changed traffic conditions"", ""information"": null, ""road_summary"": {""road_name"": ""Hume Street / Phillip Street"", ""locality"": ""East Toowoomba / Toowoomba City"", ""postcode"": ""4350"", ""local_government_area"": ""Toowoomba Regional"", ""district"": ""Darling Downs""}, ""last_updated"": ""2026-09-19T07:06:04.479375+10:00"", ""next_inspection"": null, ""web_link"": ""https://tcof.com.au/wp-content/uploads/2026/08/Parade-Road-Closure-Map-2026.pdf"", ""alert_message"": null}",MultiLineString,2,0.0,high,matched,line: blocked 2 of 10 candidate edge(s) within 10m; name-confirmed=0; distance-body=2; rejected cross/short-touch=8; no graph road-name match; used strict distance-only body matching,https://api.qldtraffic.qld.gov.au/v2/events/828661
all_blocking,qld.qldtraffic.c7bedcf439dc175f28d0,qldtraffic,road_closed,impassable,active,unknown,,Tell Street / William Street,East Toowoomba,Grand Central Floral Parade | Road closed to all traffic,Changed traffic conditions,828662,Changed traffic conditions,Special event,N/A,Closures,Road closed to all traffic,"{""id"": 828662, ""area_alert"": false, ""status"": ""Published"", ""published"": ""2026-09-19T05:00:00+10:00"", ""source"": {""source_name"": ""Guardian"", ""source_id"": ""6adf909b-fd36-4b52-a2af-61a8f1e6e745"", ""account"": ""36910"", ""provided_by"": ""Toowoomba Regional"", ""provided_by_url"": ""http://www.tr.qld.gov.au/community-business/community-safety""}, ""url"": ""https://api.qldtraffic.qld.gov.au/v2/events/828662"", ""image"": null, ""event_type"": ""Special event"", ""event_subtype"": ""N/A"", ""event_due_to"": null, ""impact"": {""direction"": ""All directions"", ""towards"": null, ""impact_type"": ""Closures"", ""impact_subtype"": ""Road closed to all traffic"", ""delay"": """"}, ""duration"": {""start"": ""2026-09-19T05:00:00+10:00"", ""end"": ""2026-09-19T14:00:00+10:00"", ""active_days"": null, ""recurrences"": null}, ""event_priority"": ""Medium"", ""description"": ""Grand Central Floral Parade"", ""advice"": ""Changed traffic conditions"", ""information"": null, ""road_summary"": {""road_name"": ""Tell Street / William Street"", ""locality"": ""East Toowoomba"", ""postcode"": ""4350"", ""local_government_area"": ""Toowoomba Regional"", ""district"": ""Darling Downs""}, ""last_updated"": ""2026-09-19T07:06:06.288349+10:00"", ""next_inspection"": null, ""web_link"": ""https://tcof.com.au/wp-content/uploads/2026/08/Parade-Road-Closure-Map-2026.pdf"", ""alert_message"": null}",MultiLineString,2,2.0,high,matched,line: blocked 2 of 4 candidate edge(s) within 10m; name-confirmed=0; distance-body=2; rejected cross/short-touch=2; no graph road-name match; used strict distance-only body matching,https://api.qldtraffic.qld.gov.au/v2/events/828662
all_blocking,qld.qldtraffic.3ccc86d1395849acd8dc,qldtraffic,road_closed,impassable,active,unknown,,A3 / Phillip Street,East Toowoomba,Grand Central Floral Parade | Road closed to all traffic,Changed traffic conditions,828663,Changed traffic conditions,Special event,N/A,Closures,Road closed to all traffic,"{""id"": 828663, ""area_alert"": false, ""status"": ""Published"", ""published"": ""2026-09-19T05:00:00+10:00"", ""source"": {""source_name"": ""Guardian"", ""source_id"": ""1d81cf0d-9b7b-433c-9540-90a69e682d9d"", ""account"": ""36910"", ""provided_by"": ""Toowoomba Regional"", ""provided_by_url"": ""http://www.tr.qld.gov.au/community-business/community-safety""}, ""url"": ""https://api.qldtraffic.qld.gov.au/v2/events/828663"", ""image"": null, ""event_type"": ""Special event"", ""event_subtype"": ""N/A"", ""event_due_to"": null, ""impact"": {""direction"": ""All directions"", ""towards"": null, ""impact_type"": ""Closures"", ""impact_subtype"": ""Road closed to all traffic"", ""delay"": """"}, ""duration"": {""start"": ""2026-09-19T05:00:00+10:00"", ""end"": ""2026-09-19T14:00:00+10:00"", ""active_days"": null, ""recurrences"": null}, ""event_priority"": ""Medium"", ""description"": ""Grand Central Floral Parade"", ""advice"": ""Changed traffic conditions"", ""information"": null, ""road_summary"": {""road_name"": ""A3 / Phillip Street"", ""locality"": ""East Toowoomba"", ""postcode"": ""4350"", ""local_government_area"": ""Toowoomba Regional"", ""district"": ""Darling Downs""}, ""last_updated"": ""2026-09-19T07:04:01.445532+10:00"", ""next_inspection"": null, ""web_link"": ""https://tcof.com.au/wp-content/uploads/2026/08/Parade-Road-Closure-Map-2026.pdf"", ""alert_message"": null}",MultiLineString,4,0.0,high,matched,line: blocked 4 of 14 candidate edge(s) within 10m; name-confirmed=0; distance-body=4; rejected cross/short-touch=10; no graph road-name match; used strict distance-only body matching,https://api.qldtraffic.qld.gov.au/v2/events/828663
all_blocking,qld.qldtraffic.275c7593a4a0274b42d5,qldtraffic,road_closed,impassable,active,unknown,,Hume Street / Kitchener Street / Phillip Street,East Toowoomba / Toowoomba City,Grand Central Floral Parade | Road closed to all traffic,Changed traffic conditions,828665,Changed traffic conditions,Special event,N/A,Closures,Road closed to all traffic,"{""id"": 828665, ""area_alert"": false, ""status"": ""Published"", ""published"": ""2026-09-19T05:00:00+10:00"", ""source"": {""source_name"": ""Guardian"", ""source_id"": ""5dfa4017-4ce4-4788-8185-6369b3aebf01"", ""account"": ""36910"", ""provided_by"": ""Toowoomba Regional"", ""provided_by_url"": ""http://www.tr.qld.gov.au/community-business/community-safety""}, ""url"": ""https://api.qldtraffic.qld.gov.au/v2/events/828665"", ""image"": null, ""event_type"": ""Special event"", ""event_subtype"": ""N/A"", ""event_due_to"": null, ""impact"": {""direction"": ""All directions"", ""towards"": null, ""impact_type"": ""Closures"", ""impact_subtype"": ""Road closed to all traffic"", ""delay"": """"}, ""duration"": {""start"": ""2026-09-19T05:00:00+10:00"", ""end"": ""2026-09-19T14:00:00+10:00"", ""active_days"": null, ""recurrences"": null}, ""event_priority"": ""Medium"", ""description"": ""Grand Central Floral Parade"", ""advice"": ""Changed traffic conditions"", ""information"": null, ""road_summary"": {""road_name"": ""Hume Street / Kitchener Street / Phillip Street"", ""locality"": ""East Toowoomba / Toowoomba City"", ""postcode"": ""4350"", ""local_government_area"": ""Toowoomba Regional"", ""district"": ""Darling Downs""}, ""last_updated"": ""2026-09-19T07:04:02.747338+10:00"", ""next_inspection"": null, ""web_link"": ""https://tcof.com.au/wp-content/uploads/2026/08/Parade-Road-Closure-Map-2026.pdf"", ""alert_message"": null}",MultiLineString,4,0.0,high,matched,line: blocked 4 of 14 candidate edge(s) within 10m; name-confirmed=0; distance-body=4; rejected cross/short-touch=10; no graph road-name match; used strict distance-only body matching,https://api.qldtraffic.qld.gov.au/v2/events/828665
all_blocking,qld.qldtraffic.0e14c2353053541b19dd,qldtraffic,road_closed,impassable,active,unknown,,Phillip Street / Kitchener Street / Herries Street,East Toowoomba,Grand Central Floral Parade | Road closed to all traffic,Changed traffic conditions,828667,Changed traffic conditions,Special event,N/A,Closures,Road closed to all traffic,"{""id"": 828667, ""area_alert"": false, ""status"": ""Published"", ""published"": ""2026-09-19T05:00:00+10:00"", ""source"": {""source_name"": ""Guardian"", ""source_id"": ""565b78bb-e39b-4c25-ac0f-5f26e8ab91ca"", ""account"": ""36910"", ""provided_by"": ""Toowoomba Regional"", ""provided_by_url"": ""http://www.tr.qld.gov.au/community-business/community-safety""}, ""url"": ""https://api.qldtraffic.qld.gov.au/v2/events/828667"", ""image"": null, ""event_type"": ""Special event"", ""event_subtype"": ""N/A"", ""event_due_to"": null, ""impact"": {""direction"": ""All directions"", ""towards"": null, ""impact_type"": ""Closures"", ""impact_subtype"": ""Road closed to all traffic"", ""delay"": """"}, ""duration"": {""start"": ""2026-09-19T05:00:00+10:00"", ""end"": ""2026-09-19T14:00:00+10:00"", ""active_days"": null, ""recurrences"": null}, ""event_priority"": ""Medium"", ""description"": ""Grand Central Floral Parade"", ""advice"": ""Changed traffic conditions"", ""information"": null, ""road_summary"": {""road_name"": ""Phillip Street / Kitchener Street / Herries Street"", ""locality"": ""East Toowoomba"", ""postcode"": ""4350"", ""local_government_area"": ""Toowoomba Regional"", ""district"": ""Darling Downs""}, ""last_updated"": ""2026-09-19T07:04:04.446849+10:00"", ""next_inspection"": null, ""web_link"": ""https://tcof.com.au/wp-content/uploads/2026/08/Parade-Road-Closure-Map-2026.pdf"", ""alert_message"": null}",MultiLineString,4,0.0,high,matched,line: blocked 4 of 16 candidate edge(s) within 10m; name-confirmed=0; distance-body=4; rejected cross/short-touch=12; no graph road-name match; used strict distance-only body matching,https://api.qldtraffic.qld.gov.au/v2/events/828667
all_blocking,qld.qldtraffic.5030c29b08881cde69dd,qldtraffic,road_closed,impassable,active,unknown,,Culver Lane / Kitchener Street,East Toowoomba,Grand Central Floral Parade | Road closed to all traffic,Changed traffic conditions,828668,Changed traffic conditions,Special event,N/A,Closures,Road closed to all traffic,"{""id"": 828668, ""area_alert"": false, ""status"": ""Published"", ""published"": ""2026-09-19T05:00:00+10:00"", ""source"": {""source_name"": ""Guardian"", ""source_id"": ""a5df8b45-2ade-47fd-9619-5e5056a1888e"", ""account"": ""36910"", ""provided_by"": ""Toowoomba Regional"", ""provided_by_url"": ""http://www.tr.qld.gov.au/community-business/community-safety""}, ""url"": ""https://api.qldtraffic.qld.gov.au/v2/events/828668"", ""image"": null, ""event_type"": ""Special event"", ""event_subtype"": ""N/A"", ""event_due_to"": null, ""impact"": {""direction"": ""All directions"", ""towards"": null, ""impact_type"": ""Closures"", ""impact_subtype"": ""Road closed to all traffic"", ""delay"": """"}, ""duration"": {""start"": ""2026-09-19T05:00:00+10:00"", ""end"": ""2026-09-19T14:00:00+10:00"", ""active_days"": null, ""recurrences"": null}, ""event_priority"": ""Medium"", ""description"": ""Grand Central Floral Parade"", ""advice"": ""Changed traffic conditions"", ""information"": null, ""road_summary"": {""road_name"": ""Culver Lane / Kitchener Street"", ""locality"": ""East Toowoomba"", ""postcode"": ""4350"", ""local_government_area"": ""Toowoomba Regional"", ""district"": ""Darling Downs""}, ""last_updated"": ""2026-09-19T07:04:06.24487+10:00"", ""next_inspection"": null, ""web_link"": ""https://tcof.com.au/wp-content/uploads/2026/08/Parade-Road-Closure-Map-2026.pdf"", ""alert_message"": null}",MultiLineString,2,0.6,high,matched,line: blocked 2 of 8 candidate edge(s) within 10m; name-confirmed=0; distance-body=2; rejected cross/short-touch=6; no graph road-name match; used strict distance-only body matching,https://api.qldtraffic.qld.gov.au/v2/events/828668
all_blocking,qld.qldtraffic.d2e454e8a8f04bbf9c0c,qldtraffic,road_closed,impassable,active,unknown,,Godsall Street / Lawson Lane / Hume Street / Godsall Street,East Toowoomba,Grand Central Floral Parade | Road closed to all traffic,Changed traffic conditions,828670,Changed traffic conditions,Special event,N/A,Closures,Road closed to all traffic,"{""id"": 828670, ""area_alert"": false, ""status"": ""Published"", ""published"": ""2026-09-19T05:00:00+10:00"", ""source"": {""source_name"": ""Guardian"", ""source_id"": ""9fe749b7-efb4-4779-a432-37bf25d81ff9"", ""account"": ""36910"", ""provided_by"": ""Toowoomba Regional"", ""provided_by_url"": ""http://www.tr.qld.gov.au/community-business/community-safety""}, ""url"": ""https://api.qldtraffic.qld.gov.au/v2/events/828670"", ""image"": null, ""event_type"": ""Special event"", ""event_subtype"": ""N/A"", ""event_due_to"": null, ""impact"": {""direction"": ""All directions"", ""towards"": null, ""impact_type"": ""Closures"", ""impact_subtype"": ""Road closed to all traffic"", ""delay"": """"}, ""duration"": {""start"": ""2026-09-19T05:00:00+10:00"", ""end"": ""2026-09-19T14:00:00+10:00"", ""active_days"": null, ""recurrences"": null}, ""event_priority"": ""Medium"", ""description"": ""Grand Central Floral Parade"", ""advice"": ""Changed traffic conditions"", ""information"": null, ""road_summary"": {""road_name"": ""Godsall Street / Lawson Lane / Hume Street / Godsall Street"", ""locality"": ""East Toowoomba"", ""postcode"": ""4350"", ""local_government_area"": ""Toowoomba Regional"", ""district"": ""Darling Downs""}, ""last_updated"": ""2026-09-19T07:02:02.454676+10:00"", ""next_inspection"": null, ""web_link"": ""https://tcof.com.au/wp-content/uploads/2026/08/Parade-Road-Closure-Map-2026.pdf"", ""alert_message"": null}",MultiLineString,6,0.0,high,matched,line: blocked 2 of 6 candidate edge(s) within 10m; name-confirmed=0; distance-body=2; rejected cross/short-touch=4; no graph road-name match; used strict distance-only body matching; line: blocked 4 of 10 candidate edge(s) within 10m; name-confirmed=0; distance-body=4; rejected cross/short-touch=6; no graph road-name match; used strict distance-only body matching,https://api.qldtraffic.qld.gov.au/v2/events/828670
all_blocking,qld.qldtraffic.7729d6136b1aa3dc61e7,qldtraffic,road_closed,impassable,active,unknown,,Hume Street / Eleanor Street,East Toowoomba / Toowoomba City,Grand Central Floral Parade | Road closed to all traffic,Changed traffic conditions,828671,Changed traffic conditions,Special event,N/A,Closures,Road closed to all traffic,"{""id"": 828671, ""area_alert"": false, ""status"": ""Published"", ""published"": ""2026-09-19T05:00:00+10:00"", ""source"": {""source_name"": ""Guardian"", ""source_id"": ""3c8942cc-a573-492a-8b14-0992e021ece3"", ""account"": ""36910"", ""provided_by"": ""Toowoomba Regional"", ""provided_by_url"": ""http://www.tr.qld.gov.au/community-business/community-safety""}, ""url"": ""https://api.qldtraffic.qld.gov.au/v2/events/828671"", ""image"": null, ""event_type"": ""Special event"", ""event_subtype"": ""N/A"", ""event_due_to"": null, ""impact"": {""direction"": ""All directions"", ""towards"": null, ""impact_type"": ""Closures"", ""impact_subtype"": ""Road closed to all traffic"", ""delay"": """"}, ""duration"": {""start"": ""2026-09-19T05:00:00+10:00"", ""end"": ""2026-09-19T14:00:00+10:00"", ""active_days"": null, ""recurrences"": null}, ""event_priority"": ""Medium"", ""description"": ""Grand Central Floral Parade"", ""advice"": ""Changed traffic conditions"", ""information"": null, ""road_summary"": {""road_name"": ""Hume Street / Eleanor Street"", ""locality"": ""East Toowoomba / Toowoomba City"", ""postcode"": ""4350"", ""local_government_area"": ""Toowoomba Regional"", ""district"": ""Darling Downs""}, ""last_updated"": ""2026-09-19T07:02:03.565708+10:00"", ""next_inspection"": null, ""web_link"": ""https://tcof.com.au/wp-content/uploads/2026/08/Parade-Road-Closure-Map-2026.pdf"", ""alert_message"": null}",MultiLineString,4,0.0,high,matched,line: blocked 4 of 10 candidate edge(s) within 10m; name-confirmed=0; distance-body=4; rejected cross/short-touch=6; no graph road-name match; used strict distance-only body matching,https://api.qldtraffic.qld.gov.au/v2/events/828671
all_blocking,qld.qldtraffic.b64f4eda5c1306f74c5a,qldtraffic,road_closed,impassable,active,unknown,,Campbell Street / Eleanor Street / Eleanor Street,East Toowoomba,Grand Central Floral Parade | Road closed to all traffic,Changed traffic conditions,828672,Changed traffic conditions,Special event,N/A,Closures,Road closed to all traffic,"{""id"": 828672, ""area_alert"": false, ""status"": ""Published"", ""published"": ""2026-09-19T05:00:00+10:00"", ""source"": {""source_name"": ""Guardian"", ""source_id"": ""d5dfb372-0e87-48f4-bff6-0c9c79302ddc"", ""account"": ""36910"", ""provided_by"": ""Toowoomba Regional"", ""provided_by_url"": ""http://www.tr.qld.gov.au/community-business/community-safety""}, ""url"": ""https://api.qldtraffic.qld.gov.au/v2/events/828672"", ""image"": null, ""event_type"": ""Special event"", ""event_subtype"": ""N/A"", ""event_due_to"": null, ""impact"": {""direction"": ""All directions"", ""towards"": null, ""impact_type"": ""Closures"", ""impact_subtype"": ""Road closed to all traffic"", ""delay"": """"}, ""duration"": {""start"": ""2026-09-19T05:00:00+10:00"", ""end"": ""2026-09-19T14:00:00+10:00"", ""active_days"": null, ""recurrences"": null}, ""event_priority"": ""Medium"", ""description"": ""Grand Central Floral Parade"", ""advice"": ""Changed traffic conditions"", ""information"": null, ""road_summary"": {""road_name"": ""Campbell Street / Eleanor Street / Eleanor Street"", ""locality"": ""East Toowoomba"", ""postcode"": ""4350"", ""local_government_area"": ""Toowoomba Regional"", ""district"": ""Darling Downs""}, ""last_updated"": ""2026-09-19T07:02:06.42809+10:00"", ""next_inspection"": null, ""web_link"": ""https://tcof.com.au/wp-content/uploads/2026/08/Parade-Road-Closure-Map-2026.pdf"", ""alert_message"": null}",MultiLineString,6,0.0,high,matched,"line: blocked 4 of 14 candidate edge(s) within 10m; name-confirmed=0; distance-body=4; rejected cross/short-touch=10; no graph road-name match; used strict distance-only body matching; line: blocked 2 of 10 candidate edge(s) within 10m; name-confirmed=0; distance-body=2; rejected endpoint-no-bleed=2, cross/short-touch=6; no graph road-name match; used strict distance-only body matching",https://api.qldtraffic.qld.gov.au/v2/events/828672
all_blocking,qld.qldtraffic.9fa2b9fd072f6f609837,qldtraffic,road_closed,impassable,active,unknown,,Hume Street,East Toowoomba / Toowoomba City,"From Herries Street to Thomas Street
Grand Central Floral Parade | Road closed to all traffic",Use alternative route,828983,Use alternative route,Special event,N/A,Closures,Road closed to all traffic,"{""id"": 828983, ""area_alert"": false, ""status"": ""Published"", ""published"": ""2026-09-19T08:20:00+10:00"", ""source"": {""source_name"": ""EPS"", ""source_id"": null, ""account"": null, ""provided_by"": ""Department of Transport and Main Roads"", ""provided_by_url"": ""https://qldtraffic.qld.gov.au""}, ""url"": ""https://api.qldtraffic.qld.gov.au/v2/events/828983"", ""image"": null, ""event_type"": ""Special event"", ""event_subtype"": ""N/A"", ""event_due_to"": null, ""impact"": {""direction"": ""All directions"", ""towards"": null, ""impact_type"": ""Closures"", ""impact_subtype"": ""Road closed to all traffic"", ""delay"": null}, ""duration"": {""start"": ""2026-09-19T08:20:00+10:00"", ""end"": ""2026-09-19T14:00:00+10:00"", ""active_days"": null, ""recurrences"": null}, ""event_priority"": ""High"", ""description"": ""From Herries Street to Thomas Street\nGrand Central Floral Parade"", ""advice"": ""Use alternative route"", ""information"": null, ""road_summary"": {""road_name"": ""Hume Street"", ""locality"": ""East Toowoomba / Toowoomba City"", ""postcode"": ""4350"", ""local_government_area"": ""Toowoomba Regional"", ""district"": ""Darling Downs""}, ""last_updated"": ""2026-09-19T08:47:14.505181+10:00"", ""next_inspection"": null, ""web_link"": null, ""alert_message"": null}",MultiLineString,66,0.0,high,matched,"line: blocked 66 of 144 candidate edge(s) within 10m; name-confirmed=0; distance-body=66; rejected endpoint-no-bleed=4, cross/short-touch=72, angle-mismatch=2; no graph road-name match; used strict distance-only body matching",https://api.qldtraffic.qld.gov.au/v2/events/828983
all_blocking,qld.qldtraffic.8ee37cbbacb578f40d94,qldtraffic,road_closed,impassable,active,unknown,,Ruthven Street,Toowoomba City,"From Margaret Steet to Joseph Street
Grand Central Floral Parade | Road closed to all traffic",Use alternative route,828985,Use alternative route,Special event,N/A,Closures,Road closed to all traffic,"{""id"": 828985, ""area_alert"": false, ""status"": ""Published"", ""published"": ""2026-09-19T08:26:00+10:00"", ""source"": {""source_name"": ""EPS"", ""source_id"": null, ""account"": null, ""provided_by"": ""Department of Transport and Main Roads"", ""provided_by_url"": ""https://qldtraffic.qld.gov.au""}, ""url"": ""https://api.qldtraffic.qld.gov.au/v2/events/828985"", ""image"": null, ""event_type"": ""Special event"", ""event_subtype"": ""N/A"", ""event_due_to"": null, ""impact"": {""direction"": ""All directions"", ""towards"": null, ""impact_type"": ""Closures"", ""impact_subtype"": ""Road closed to all traffic"", ""delay"": null}, ""duration"": {""start"": ""2026-09-19T08:26:00+10:00"", ""end"": ""2026-09-19T14:00:00+10:00"", ""active_days"": null, ""recurrences"": null}, ""event_priority"": ""Medium"", ""description"": ""From Margaret Steet to Joseph Street\nGrand Central Floral Parade"", ""advice"": ""Use alternative route"", ""information"": null, ""road_summary"": {""road_name"": ""Ruthven Street"", ""locality"": ""Toowoomba City"", ""postcode"": ""4350"", ""local_government_area"": ""Toowoomba Regional"", ""district"": ""Darling Downs""}, ""last_updated"": ""2026-09-19T08:48:47.486579+10:00"", ""next_inspection"": null, ""web_link"": null, ""alert_message"": null}",MultiLineString,26,0.0,high,matched,"line: blocked 26 of 60 candidate edge(s) within 10m; name-confirmed=0; distance-body=26; rejected endpoint-no-bleed=4, cross/short-touch=30; no graph road-name match; used strict distance-only body matching",https://api.qldtraffic.qld.gov.au/v2/events/828985
